,feat,cluster,pw_entr,feat_n,N,group,relrole
21,amod> Eurasian,0,0.004,1,383,Monocotyledon__class,taxongroup_topic
25,amod> leave,0,0.004,1,383,Monocotyledon__class,taxongroup_topic
29,amod> wild,0,0.001,1,383,Monocotyledon__class,taxongroup_topic
113,appos> ...,0,-0.003,1,383,Monocotyledon__class,taxongroup_topic
121,case> ...,0,-0.001,1,383,Monocotyledon__class,taxongroup_topic
133,cc> and,0,0.004,4,383,Monocotyledon__class,taxongroup_topic
189,compound> ...,0,0.003,5,383,Monocotyledon__class,taxongroup_topic
199,compound> water,0,0.002,1,383,Monocotyledon__class,taxongroup_topic
202,conj< ...,0,-0.0,4,383,Monocotyledon__class,taxongroup_topic
204,conj< forb,0,0.003,1,383,Monocotyledon__class,taxongroup_topic
205,conj< garlic,0,0.025,4,383,Monocotyledon__class,taxongroup_topic
206,conj< grain,0,0.018,3,383,Monocotyledon__class,taxongroup_topic
208,conj< herbivore,0,0.012,2,383,Monocotyledon__class,taxongroup_topic
209,conj< leave,0,0.007,2,383,Monocotyledon__class,taxongroup_topic
210,conj< lily,0,0.012,2,383,Monocotyledon__class,taxongroup_topic
211,conj< plant,0,-0.001,1,383,Monocotyledon__class,taxongroup_topic
218,conj<amod> ...,0,0.005,3,383,Monocotyledon__class,taxongroup_topic
222,conj<amod> wild,0,0.025,4,383,Monocotyledon__class,taxongroup_topic
226,conj<appos> ...,0,0.003,1,383,Monocotyledon__class,taxongroup_topic
227,conj<appos>conj> ...,0,0.043,7,383,Monocotyledon__class,taxongroup_topic
229,conj<case> as,0,0.02,4,383,Monocotyledon__class,taxongroup_topic
231,conj<case> include,0,0.01,2,383,Monocotyledon__class,taxongroup_topic
235,conj<case> such,0,0.03,6,383,Monocotyledon__class,taxongroup_topic
238,conj<case>fixed> as,0,0.03,6,383,Monocotyledon__class,taxongroup_topic
241,conj<compound> ...,0,0.001,1,383,Monocotyledon__class,taxongroup_topic
242,conj<compound> cereal,0,0.016,3,383,Monocotyledon__class,taxongroup_topic
254,conj<conj> ...,0,0.396,83,383,Monocotyledon__class,taxongroup_topic
255,conj<conj> buckram,0,0.025,4,383,Monocotyledon__class,taxongroup_topic
256,conj<conj> cowleek,0,0.025,4,383,Monocotyledon__class,taxongroup_topic
257,conj<conj> cowleeke,0,0.025,4,383,Monocotyledon__class,taxongroup_topic
258,conj<conj> garlic,0,0.074,12,383,Monocotyledon__class,taxongroup_topic
259,conj<conj> grass,0,0.012,4,383,Monocotyledon__class,taxongroup_topic
260,conj<conj> leek,0,0.049,8,383,Monocotyledon__class,taxongroup_topic
261,conj<conj> moss,0,0.014,3,383,Monocotyledon__class,taxongroup_topic
262,conj<conj> plant,0,0.014,4,383,Monocotyledon__class,taxongroup_topic
263,conj<conj> ramson,0,0.025,4,383,Monocotyledon__class,taxongroup_topic
264,conj<conj> sedge,0,0.014,3,383,Monocotyledon__class,taxongroup_topic
266,conj<conj>advmod> e.g.,0,0.012,2,383,Monocotyledon__class,taxongroup_topic
268,conj<conj>amod> ...,0,0.015,5,383,Monocotyledon__class,taxongroup_topic
269,conj<conj>amod> Eurasian,0,0.018,3,383,Monocotyledon__class,taxongroup_topic
270,conj<conj>amod> bear,0,0.025,4,383,Monocotyledon__class,taxongroup_topic
271,conj<conj>amod> leave,0,0.018,3,383,Monocotyledon__class,taxongroup_topic
272,conj<conj>amod> many,0,0.01,2,383,Monocotyledon__class,taxongroup_topic
273,conj<conj>amod> other,0,0.001,1,383,Monocotyledon__class,taxongroup_topic
274,conj<conj>amod> starchy,0,0.012,2,383,Monocotyledon__class,taxongroup_topic
275,conj<conj>amod> wild,0,0.018,3,383,Monocotyledon__class,taxongroup_topic
276,conj<conj>appos> ...,0,0.007,2,383,Monocotyledon__class,taxongroup_topic
277,conj<conj>appos> Poale,0,0.012,2,383,Monocotyledon__class,taxongroup_topic
279,conj<conj>case> ...,0,0.009,2,383,Monocotyledon__class,taxongroup_topic
281,conj<conj>cc> and,0,0.093,24,383,Monocotyledon__class,taxongroup_topic
282,conj<conj>cc> as,0,0.01,2,383,Monocotyledon__class,taxongroup_topic
283,conj<conj>compound> ...,0,0.021,6,383,Monocotyledon__class,taxongroup_topic
284,conj<conj>compound> build,0,0.012,2,383,Monocotyledon__class,taxongroup_topic
285,conj<conj>compound> fruit,0,0.012,2,383,Monocotyledon__class,taxongroup_topic
288,conj<conj>compound> root,0,0.012,2,383,Monocotyledon__class,taxongroup_topic
289,conj<conj>compound> saltwater,0,0.012,2,383,Monocotyledon__class,taxongroup_topic
290,conj<conj>compound> water,0,0.031,5,383,Monocotyledon__class,taxongroup_topic
291,conj<conj>compound> wood,0,0.025,4,383,Monocotyledon__class,taxongroup_topic
292,conj<conj>conj> ...,0,0.013,3,383,Monocotyledon__class,taxongroup_topic
293,conj<conj>conj> grass,0,0.025,4,383,Monocotyledon__class,taxongroup_topic
294,conj<conj>det> ...,0,0.006,1,383,Monocotyledon__class,taxongroup_topic
296,conj<conj>nmod:poss> bear,0,0.018,3,383,Monocotyledon__class,taxongroup_topic
297,conj<conj>nmod:poss> cow,0,0.025,4,383,Monocotyledon__class,taxongroup_topic
300,conj<conj>nummod> marine,0,0.012,2,383,Monocotyledon__class,taxongroup_topic
301,conj<cop> be,0,0.007,2,383,Monocotyledon__class,taxongroup_topic
305,conj<nmod< bloom,0,0.012,2,383,Monocotyledon__class,taxongroup_topic
306,conj<nmod< feed,0,0.009,2,383,Monocotyledon__class,taxongroup_topic
307,conj<nmod< plant,0,0.01,2,383,Monocotyledon__class,taxongroup_topic
308,conj<nmod< variety,0,0.004,1,383,Monocotyledon__class,taxongroup_topic
310,conj<nmod<advmod> economically,0,0.012,2,383,Monocotyledon__class,taxongroup_topic
311,conj<nmod<advmod> mainly,0,0.012,2,383,Monocotyledon__class,taxongroup_topic
312,conj<nmod<amod> ...,0,0.003,1,383,Monocotyledon__class,taxongroup_topic
313,conj<nmod<amod> important,0,0.012,2,383,Monocotyledon__class,taxongroup_topic
315,conj<nmod<case> among,0,0.012,2,383,Monocotyledon__class,taxongroup_topic
316,conj<nmod<case> for,0,0.012,2,383,Monocotyledon__class,taxongroup_topic
318,conj<nmod<case> on,0,0.003,1,383,Monocotyledon__class,taxongroup_topic
319,conj<nmod<conj< ...,0,0.003,1,383,Monocotyledon__class,taxongroup_topic
321,conj<nmod<conj> account,0,0.012,2,383,Monocotyledon__class,taxongroup_topic
322,conj<nmod<conj> cattail,0,0.012,2,383,Monocotyledon__class,taxongroup_topic
323,conj<nmod<conj> rush,0,0.012,2,383,Monocotyledon__class,taxongroup_topic
324,conj<nmod<det> a,0,0.003,1,383,Monocotyledon__class,taxongroup_topic
325,conj<nmod<det> the,0,0.01,2,383,Monocotyledon__class,taxongroup_topic
326,conj<nmod<nmod> ...,0,0.003,1,383,Monocotyledon__class,taxongroup_topic
327,conj<nmod<nmod> most,0,0.012,2,383,Monocotyledon__class,taxongroup_topic
328,conj<nmod<nsubj> Monocot,0,0.012,2,383,Monocotyledon__class,taxongroup_topic
329,conj<nmod<nsubj> they,0,0.01,2,383,Monocotyledon__class,taxongroup_topic
332,conj<nmod<obl< cultivate,0,0.012,2,383,Monocotyledon__class,taxongroup_topic
334,conj<nmod<obl> material,0,0.012,2,383,Monocotyledon__class,taxongroup_topic
335,conj<nmod<obl> spring,0,0.012,2,383,Monocotyledon__class,taxongroup_topic
336,conj<nmod> ...,0,0.001,1,383,Monocotyledon__class,taxongroup_topic
337,conj<nmod> family,0,0.004,1,383,Monocotyledon__class,taxongroup_topic
341,conj<nmod>amod> ...,0,0.004,1,383,Monocotyledon__class,taxongroup_topic
344,conj<nmod>case> in,0,0.009,2,383,Monocotyledon__class,taxongroup_topic
351,conj<nmod>det> the,0,0.01,2,383,Monocotyledon__class,taxongroup_topic
360,conj<nsubj> Manatee,0,0.012,2,383,Monocotyledon__class,taxongroup_topic
366,conj<obj< eat,0,0.007,2,383,Monocotyledon__class,taxongroup_topic
367,conj<obj< include,0,-0.0,1,383,Monocotyledon__class,taxongroup_topic
369,conj<obj<advmod> ...,0,0.003,1,383,Monocotyledon__class,taxongroup_topic
372,conj<obj<cc> but,0,0.004,1,383,Monocotyledon__class,taxongroup_topic
375,conj<obj<conj< ...,0,0.003,1,383,Monocotyledon__class,taxongroup_topic
376,conj<obj<conj> ...,0,0.003,1,383,Monocotyledon__class,taxongroup_topic
378,conj<obj<nsubj> ...,0,0.006,2,383,Monocotyledon__class,taxongroup_topic
381,conj<obj> ...,0,0.003,1,383,Monocotyledon__class,taxongroup_topic
382,conj<obl< ...,0,-0.0,1,383,Monocotyledon__class,taxongroup_topic
384,conj<obl< know,0,0.02,4,383,Monocotyledon__class,taxongroup_topic
386,conj<obl<advmod> ursinum,0,0.025,4,383,Monocotyledon__class,taxongroup_topic
387,conj<obl<aux:pass> be,0,0.001,1,383,Monocotyledon__class,taxongroup_topic
390,conj<obl<conj> perennial,0,0.025,4,383,Monocotyledon__class,taxongroup_topic
392,conj<obl<nsubj:pass> ...,0,0.003,1,383,Monocotyledon__class,taxongroup_topic
402,conj> ...,0,-0.005,1,383,Monocotyledon__class,taxongroup_topic
420,conj>compound> ...,0,0.001,1,383,Monocotyledon__class,taxongroup_topic
434,nmod:poss> ...,0,0.003,1,383,Monocotyledon__class,taxongroup_topic
435,nmod:poss>case> 's,0,0.003,1,383,Monocotyledon__class,taxongroup_topic
810,acl:relcl> ...,1,0.002,6,1928,Monocotyledon__class,taxongroup_topic
811,acl:relcl>nsubj> ...,1,0.0,1,1928,Monocotyledon__class,taxongroup_topic
812,acl:relcl>nsubj> that,1,0.0,2,1928,Monocotyledon__class,taxongroup_topic
813,acl:relcl>nsubj> which,1,0.001,3,1928,Monocotyledon__class,taxongroup_topic
814,acl:relcl>obj> ...,1,0.001,3,1928,Monocotyledon__class,taxongroup_topic
815,acl:relcl>obj>conj> ...,1,0.0,2,1928,Monocotyledon__class,taxongroup_topic
816,acl:relcl>obl> ...,1,0.001,3,1928,Monocotyledon__class,taxongroup_topic
817,acl:relcl>obl>case> ...,1,0.0,1,1928,Monocotyledon__class,taxongroup_topic
818,acl:relcl>obl>case> in,1,0.001,2,1928,Monocotyledon__class,taxongroup_topic
819,acl> ...,1,0.002,5,1928,Monocotyledon__class,taxongroup_topic
820,acl>obl> %,1,0.001,2,1928,Monocotyledon__class,taxongroup_topic
821,acl>obl> ...,1,0.001,3,1928,Monocotyledon__class,taxongroup_topic
822,acl>obl>case> ...,1,0.0,1,1928,Monocotyledon__class,taxongroup_topic
823,acl>obl>case> at,1,0.001,2,1928,Monocotyledon__class,taxongroup_topic
824,acl>obl>case> by,1,0.001,2,1928,Monocotyledon__class,taxongroup_topic
825,advmod> ...,1,0.0,7,1928,Monocotyledon__class,taxongroup_topic
826,advmod> mainly,1,0.0,2,1928,Monocotyledon__class,taxongroup_topic
827,advmod> not,1,0.0,1,1928,Monocotyledon__class,taxongroup_topic
829,amod> ...,1,-0.002,23,1928,Monocotyledon__class,taxongroup_topic
830,amod> Antarctic,1,0.001,3,1928,Monocotyledon__class,taxongroup_topic
836,amod> perennial,1,-0.0,1,1928,Monocotyledon__class,taxongroup_topic
837,amod> titan,1,0.001,4,1928,Monocotyledon__class,taxongroup_topic
838,amod> true,1,0.0,2,1928,Monocotyledon__class,taxongroup_topic
839,amod> wild,1,0.0,3,1928,Monocotyledon__class,taxongroup_topic
840,amod>advmod> ...,1,0.0,1,1928,Monocotyledon__class,taxongroup_topic
841,amod>advmod> particularly,1,0.0,1,1928,Monocotyledon__class,taxongroup_topic
842,amod>obl> ...,1,0.001,3,1928,Monocotyledon__class,taxongroup_topic
843,amod>obl>case> in,1,0.001,2,1928,Monocotyledon__class,taxongroup_topic
844,amod>obl>case> to,1,0.0,1,1928,Monocotyledon__class,taxongroup_topic
845,appos< ...,1,-0.0,13,1928,Monocotyledon__class,taxongroup_topic
846,appos< family,1,0.0,1,1928,Monocotyledon__class,taxongroup_topic
847,appos< plant,1,0.001,3,1928,Monocotyledon__class,taxongroup_topic
848,appos< species,1,0.001,2,1928,Monocotyledon__class,taxongroup_topic
849,appos< titanum,1,0.001,2,1928,Monocotyledon__class,taxongroup_topic
850,appos<advmod> ...,1,0.0,1,1928,Monocotyledon__class,taxongroup_topic
851,appos<advmod> lily,1,0.001,2,1928,Monocotyledon__class,taxongroup_topic
852,appos<amod> ...,1,0.001,7,1928,Monocotyledon__class,taxongroup_topic
853,appos<amod> flower,1,0.001,2,1928,Monocotyledon__class,taxongroup_topic
854,appos<appos< ...,1,0.0,2,1928,Monocotyledon__class,taxongroup_topic
855,appos<appos<conj> ...,1,-0.0,1,1928,Monocotyledon__class,taxongroup_topic
856,appos<appos> ...,1,0.0,2,1928,Monocotyledon__class,taxongroup_topic
857,appos<appos> antarctica,1,0.001,2,1928,Monocotyledon__class,taxongroup_topic
858,appos<appos> quitensis,1,0.001,2,1928,Monocotyledon__class,taxongroup_topic
859,appos<appos>compound> ...,1,0.001,2,1928,Monocotyledon__class,taxongroup_topic
860,appos<appos>compound> Colobanthus,1,0.001,2,1928,Monocotyledon__class,taxongroup_topic
861,appos<appos>compound> Deschampsia,1,0.001,2,1928,Monocotyledon__class,taxongroup_topic
862,appos<case> ...,1,0.0,4,1928,Monocotyledon__class,taxongroup_topic
863,appos<case> of,1,0.001,2,1928,Monocotyledon__class,taxongroup_topic
864,appos<cc> ...,1,0.0,2,1928,Monocotyledon__class,taxongroup_topic
865,appos<cc> and,1,-0.0,1,1928,Monocotyledon__class,taxongroup_topic
866,appos<compound<conj> ...,1,0.002,4,1928,Monocotyledon__class,taxongroup_topic
867,appos<compound> ...,1,-0.0,5,1928,Monocotyledon__class,taxongroup_topic
868,appos<compound> plant,1,0.002,4,1928,Monocotyledon__class,taxongroup_topic
869,appos<conj< ...,1,0.0,2,1928,Monocotyledon__class,taxongroup_topic
871,appos<conj< include,1,0.001,2,1928,Monocotyledon__class,taxongroup_topic
872,appos<conj<amod> ...,1,0.0,1,1928,Monocotyledon__class,taxongroup_topic
873,appos<conj<amod> available,1,0.001,2,1928,Monocotyledon__class,taxongroup_topic
875,appos<conj<appos> ...,1,0.0,3,1928,Monocotyledon__class,taxongroup_topic
877,appos<conj<compound> apifera,1,0.001,2,1928,Monocotyledon__class,taxongroup_topic
879,appos<conj<conj> ...,1,-0.002,5,1928,Monocotyledon__class,taxongroup_topic
885,appos<conj<conj> orchid,1,0.001,2,1928,Monocotyledon__class,taxongroup_topic
886,appos<conj<conj> pyramidalis,1,0.001,2,1928,Monocotyledon__class,taxongroup_topic
889,appos<conj<conj> yam,1,0.0,1,1928,Monocotyledon__class,taxongroup_topic
893,appos<conj<nsubj> ...,1,0.0,1,1928,Monocotyledon__class,taxongroup_topic
894,appos<conj<nsubj> specie,1,0.001,2,1928,Monocotyledon__class,taxongroup_topic
895,appos<conj<obl> ...,1,0.0,1,1928,Monocotyledon__class,taxongroup_topic
896,appos<conj<obl> nursery,1,0.001,2,1928,Monocotyledon__class,taxongroup_topic
897,appos<conj> ...,1,-0.0,2,1928,Monocotyledon__class,taxongroup_topic
898,appos<conj> Antarctic,1,0.001,2,1928,Monocotyledon__class,taxongroup_topic
900,appos<conj>cc> and,1,0.001,4,1928,Monocotyledon__class,taxongroup_topic
902,appos<conj>flat> pearlwort,1,0.001,2,1928,Monocotyledon__class,taxongroup_topic
905,appos<flat> ...,1,-0.0,1,1928,Monocotyledon__class,taxongroup_topic
906,appos<nmod:poss> ...,1,0.0,1,1928,Monocotyledon__class,taxongroup_topic
907,appos<nmod:poss> Antarctica,1,0.001,2,1928,Monocotyledon__class,taxongroup_topic
908,appos<nmod:poss>case> 's,1,0.001,3,1928,Monocotyledon__class,taxongroup_topic
909,appos<nmod< ...,1,0.001,4,1928,Monocotyledon__class,taxongroup_topic
910,appos<nmod> ...,1,0.0,3,1928,Monocotyledon__class,taxongroup_topic
911,appos<nmod>amod> ...,1,0.0,2,1928,Monocotyledon__class,taxongroup_topic
912,appos<nmod>case> ...,1,0.0,2,1928,Monocotyledon__class,taxongroup_topic
913,appos<nmod>case> of,1,0.0,1,1928,Monocotyledon__class,taxongroup_topic
914,appos<nsubj< ...,1,-0.0,1,1928,Monocotyledon__class,taxongroup_topic
915,appos<nsubj< find,1,0.001,2,1928,Monocotyledon__class,taxongroup_topic
916,appos<nsubj<aux> ...,1,0.0,1,1928,Monocotyledon__class,taxongroup_topic
917,appos<nsubj<aux> be,1,0.001,2,1928,Monocotyledon__class,taxongroup_topic
918,appos<nsubj<obl> ...,1,0.0,2,1928,Monocotyledon__class,taxongroup_topic
919,appos<nsubj<obl> part,1,0.001,2,1928,Monocotyledon__class,taxongroup_topic
920,appos<nummod> ...,1,0.0,1,1928,Monocotyledon__class,taxongroup_topic
921,appos<nummod> two,1,0.001,2,1928,Monocotyledon__class,taxongroup_topic
922,appos<obj< ...,1,0.001,3,1928,Monocotyledon__class,taxongroup_topic
923,appos> ...,1,-0.001,13,1928,Monocotyledon__class,taxongroup_topic
925,appos> species,1,0.0,1,1928,Monocotyledon__class,taxongroup_topic
926,appos>compound> ...,1,0.0,3,1928,Monocotyledon__class,taxongroup_topic
927,appos>conj> ...,1,0.001,4,1928,Monocotyledon__class,taxongroup_topic
928,appos>conj>cc> ...,1,0.001,2,1928,Monocotyledon__class,taxongroup_topic
929,appos>conj>cc> and,1,0.001,2,1928,Monocotyledon__class,taxongroup_topic
930,appos>flat> ...,1,-0.0,1,1928,Monocotyledon__class,taxongroup_topic
931,case> ...,1,0.001,10,1928,Monocotyledon__class,taxongroup_topic
932,case> as,1,0.002,9,1928,Monocotyledon__class,taxongroup_topic
934,case> for,1,0.0,2,1928,Monocotyledon__class,taxongroup_topic
935,case> in,1,0.0,7,1928,Monocotyledon__class,taxongroup_topic
936,case> include,1,-0.0,2,1928,Monocotyledon__class,taxongroup_topic
937,case> of,1,0.01,36,1928,Monocotyledon__class,taxongroup_topic
938,case> on,1,0.001,6,1928,Monocotyledon__class,taxongroup_topic
939,case> such,1,0.001,8,1928,Monocotyledon__class,taxongroup_topic
940,case> to,1,0.005,13,1928,Monocotyledon__class,taxongroup_topic
941,case> within,1,0.001,4,1928,Monocotyledon__class,taxongroup_topic
942,case>fixed> as,1,0.001,8,1928,Monocotyledon__class,taxongroup_topic
944,cc> or,1,-0.0,1,1928,Monocotyledon__class,taxongroup_topic
945,compound< ...,1,-0.001,7,1928,Monocotyledon__class,taxongroup_topic
946,compound< family,1,-0.0,2,1928,Monocotyledon__class,taxongroup_topic
947,compound< group,1,0.0,1,1928,Monocotyledon__class,taxongroup_topic
948,compound< lemur,1,0.001,2,1928,Monocotyledon__class,taxongroup_topic
949,compound< plant,1,-0.0,6,1928,Monocotyledon__class,taxongroup_topic
951,compound< stem,1,-0.0,1,1928,Monocotyledon__class,taxongroup_topic
952,compound< stricto,1,0.0,1,1928,Monocotyledon__class,taxongroup_topic
953,compound<acl> ...,1,0.002,4,1928,Monocotyledon__class,taxongroup_topic
954,compound<acl>mark> ...,1,0.0,1,1928,Monocotyledon__class,taxongroup_topic
955,compound<acl>mark> to,1,0.001,2,1928,Monocotyledon__class,taxongroup_topic
956,compound<amod> ...,1,0.001,6,1928,Monocotyledon__class,taxongroup_topic
957,compound<appos> ...,1,0.002,4,1928,Monocotyledon__class,taxongroup_topic
958,compound<appos>compound> ...,1,0.001,3,1928,Monocotyledon__class,taxongroup_topic
961,compound<case> in,1,-0.0,1,1928,Monocotyledon__class,taxongroup_topic
962,compound<case> of,1,-0.001,1,1928,Monocotyledon__class,taxongroup_topic
964,compound<case> unlike,1,0.0,1,1928,Monocotyledon__class,taxongroup_topic
965,compound<cc> and,1,0.001,3,1928,Monocotyledon__class,taxongroup_topic
966,compound<compound> ...,1,0.0,4,1928,Monocotyledon__class,taxongroup_topic
967,compound<compound> sensu,1,0.0,2,1928,Monocotyledon__class,taxongroup_topic
968,compound<conj< ...,1,0.001,5,1928,Monocotyledon__class,taxongroup_topic
969,compound<conj<compound> ...,1,0.001,3,1928,Monocotyledon__class,taxongroup_topic
970,compound<conj<conj> ...,1,0.001,4,1928,Monocotyledon__class,taxongroup_topic
971,compound<conj> ...,1,0.0,3,1928,Monocotyledon__class,taxongroup_topic
972,compound<conj>cc> and,1,0.0,2,1928,Monocotyledon__class,taxongroup_topic
973,compound<cop> ...,1,0.0,1,1928,Monocotyledon__class,taxongroup_topic
974,compound<cop> be,1,0.001,2,1928,Monocotyledon__class,taxongroup_topic
975,compound<det> ...,1,0.0,1,1928,Monocotyledon__class,taxongroup_topic
976,compound<det> the,1,-0.001,6,1928,Monocotyledon__class,taxongroup_topic
977,compound<nmod< ...,1,-0.001,2,1928,Monocotyledon__class,taxongroup_topic
979,compound<nmod<amod> ...,1,-0.001,1,1928,Monocotyledon__class,taxongroup_topic
981,compound<nmod<conj> ...,1,0.003,7,1928,Monocotyledon__class,taxongroup_topic
982,compound<nmod<det> a,1,0.0,1,1928,Monocotyledon__class,taxongroup_topic
986,compound<nmod> ...,1,0.002,4,1928,Monocotyledon__class,taxongroup_topic
987,compound<nmod> plant,1,0.0,1,1928,Monocotyledon__class,taxongroup_topic
988,compound<nmod>case> ...,1,0.001,5,1928,Monocotyledon__class,taxongroup_topic
989,compound<nmod>compound> ...,1,0.002,5,1928,Monocotyledon__class,taxongroup_topic
990,compound<nsubj< ...,1,-0.0,1,1928,Monocotyledon__class,taxongroup_topic
991,compound<nsubj> ...,1,0.0,1,1928,Monocotyledon__class,taxongroup_topic
992,compound<nsubj> it,1,0.001,2,1928,Monocotyledon__class,taxongroup_topic
993,compound<obj< ...,1,0.002,5,1928,Monocotyledon__class,taxongroup_topic
994,compound<obj<cc> and,1,0.001,3,1928,Monocotyledon__class,taxongroup_topic
995,compound<obj<conj< ...,1,0.001,3,1928,Monocotyledon__class,taxongroup_topic
996,compound<obl< ...,1,-0.001,1,1928,Monocotyledon__class,taxongroup_topic
998,compound<obl<nsubj> ...,1,-0.001,1,1928,Monocotyledon__class,taxongroup_topic
999,compound> ...,1,0.002,24,1928,Monocotyledon__class,taxongroup_topic
1000,compound> Allium,1,-0.001,3,1928,Monocotyledon__class,taxongroup_topic
1001,compound> Amorphophallus,1,-0.0,1,1928,Monocotyledon__class,taxongroup_topic
1002,compound> Fritillaria,1,-0.002,4,1928,Monocotyledon__class,taxongroup_topic
1003,compound> Narcissus,1,-0.002,3,1928,Monocotyledon__class,taxongroup_topic
1004,compound> bee,1,0.001,3,1928,Monocotyledon__class,taxongroup_topic
1005,compound> family,1,0.0,1,1928,Monocotyledon__class,taxongroup_topic
1006,compound> hair,1,0.001,3,1928,Monocotyledon__class,taxongroup_topic
1008,compound> order,1,0.0,4,1928,Monocotyledon__class,taxongroup_topic
1009,compound> water,1,-0.0,2,1928,Monocotyledon__class,taxongroup_topic
1010,compound>amod> ...,1,0.001,3,1928,Monocotyledon__class,taxongroup_topic
1011,compound>compound> ...,1,-0.0,2,1928,Monocotyledon__class,taxongroup_topic
1012,conj< ...,1,-0.002,1,1928,Monocotyledon__class,taxongroup_topic
1022,conj< species,1,-0.0,1,1928,Monocotyledon__class,taxongroup_topic
1051,conj<compound> ...,1,-0.001,1,1928,Monocotyledon__class,taxongroup_topic
1113,conj<det> the,1,-0.001,1,1928,Monocotyledon__class,taxongroup_topic
1146,conj<nmod> ...,1,-0.001,1,1928,Monocotyledon__class,taxongroup_topic
1153,conj<nmod>case> ...,1,0.0,1,1928,Monocotyledon__class,taxongroup_topic
1162,conj<nsubj< ...,1,-0.0,1,1928,Monocotyledon__class,taxongroup_topic
1166,conj<nsubj<cop> be,1,-0.0,1,1928,Monocotyledon__class,taxongroup_topic
1168,conj<nsubj<det> a,1,0.0,1,1928,Monocotyledon__class,taxongroup_topic
1210,conj<parataxis> ...,1,0.001,2,1928,Monocotyledon__class,taxongroup_topic
1212,conj> ...,1,-0.007,11,1928,Monocotyledon__class,taxongroup_topic
1213,conj> forb,1,0.0,2,1928,Monocotyledon__class,taxongroup_topic
1220,conj> plant,1,-0.001,3,1928,Monocotyledon__class,taxongroup_topic
1221,conj> sedge,1,-0.001,8,1928,Monocotyledon__class,taxongroup_topic
1224,conj>amod> aquatic,1,0.0,1,1928,Monocotyledon__class,taxongroup_topic
1226,conj>amod> other,1,-0.001,3,1928,Monocotyledon__class,taxongroup_topic
1228,conj>cc> and,1,-0.004,20,1928,Monocotyledon__class,taxongroup_topic
1229,conj>cc> or,1,-0.001,2,1928,Monocotyledon__class,taxongroup_topic
1230,conj>compound> ...,1,-0.001,1,1928,Monocotyledon__class,taxongroup_topic
1231,conj>compound> plant,1,0.0,2,1928,Monocotyledon__class,taxongroup_topic
1232,conj>nmod> ...,1,0.0,2,1928,Monocotyledon__class,taxongroup_topic
1233,conj>nmod>case> ...,1,0.0,2,1928,Monocotyledon__class,taxongroup_topic
1234,cop> be,1,0.001,6,1928,Monocotyledon__class,taxongroup_topic
1235,det> ...,1,0.0,1,1928,Monocotyledon__class,taxongroup_topic
1236,det> a,1,-0.0,1,1928,Monocotyledon__class,taxongroup_topic
1237,det> all,1,0.001,2,1928,Monocotyledon__class,taxongroup_topic
1238,det> some,1,0.001,2,1928,Monocotyledon__class,taxongroup_topic
1239,det> the,1,0.017,64,1928,Monocotyledon__class,taxongroup_topic
1240,flat< ...,1,0.0,2,1928,Monocotyledon__class,taxongroup_topic
1242,flat<conj> ...,1,0.001,3,1928,Monocotyledon__class,taxongroup_topic
1246,nmod< ...,1,0.011,40,1928,Monocotyledon__class,taxongroup_topic
1247,nmod< leave,1,0.001,2,1928,Monocotyledon__class,taxongroup_topic
1248,nmod< order,1,0.001,3,1928,Monocotyledon__class,taxongroup_topic
1249,nmod< plant,1,0.0,7,1928,Monocotyledon__class,taxongroup_topic
1250,nmod< species,1,0.001,2,1928,Monocotyledon__class,taxongroup_topic
1251,nmod<acl> ...,1,0.0,2,1928,Monocotyledon__class,taxongroup_topic
1252,nmod<advmod> ...,1,0.001,3,1928,Monocotyledon__class,taxongroup_topic
1253,nmod<amod> ...,1,0.001,14,1928,Monocotyledon__class,taxongroup_topic
1254,nmod<amod> large,1,0.001,2,1928,Monocotyledon__class,taxongroup_topic
1255,nmod<amod> perennial,1,-0.0,1,1928,Monocotyledon__class,taxongroup_topic
1257,nmod<amod>advmod> most,1,0.001,3,1928,Monocotyledon__class,taxongroup_topic
1258,nmod<appos> ...,1,0.001,4,1928,Monocotyledon__class,taxongroup_topic
1259,nmod<appos>conj> ...,1,-0.001,2,1928,Monocotyledon__class,taxongroup_topic
1260,nmod<case> ...,1,0.003,7,1928,Monocotyledon__class,taxongroup_topic
1261,nmod<case> for,1,0.0,1,1928,Monocotyledon__class,taxongroup_topic
1262,nmod<case> from,1,0.001,2,1928,Monocotyledon__class,taxongroup_topic
1263,nmod<case> in,1,0.001,3,1928,Monocotyledon__class,taxongroup_topic
1264,nmod<case> of,1,-0.0,1,1928,Monocotyledon__class,taxongroup_topic
1265,nmod<case> on,1,0.001,2,1928,Monocotyledon__class,taxongroup_topic
1266,nmod<case> with,1,0.0,1,1928,Monocotyledon__class,taxongroup_topic
1267,nmod<cc> ...,1,0.001,2,1928,Monocotyledon__class,taxongroup_topic
1268,nmod<cc> and,1,0.002,6,1928,Monocotyledon__class,taxongroup_topic
1269,nmod<compound> ...,1,0.0,4,1928,Monocotyledon__class,taxongroup_topic
1270,nmod<conj< ...,1,0.003,8,1928,Monocotyledon__class,taxongroup_topic
1271,nmod<conj< include,1,0.001,2,1928,Monocotyledon__class,taxongroup_topic
1272,nmod<conj<case> ...,1,0.002,4,1928,Monocotyledon__class,taxongroup_topic
1273,nmod<conj<case> of,1,0.001,2,1928,Monocotyledon__class,taxongroup_topic
1274,nmod<conj<nsubj> ...,1,0.001,3,1928,Monocotyledon__class,taxongroup_topic
1275,nmod<conj<obj> ...,1,0.002,4,1928,Monocotyledon__class,taxongroup_topic
1276,nmod<conj<obl< ...,1,0.001,3,1928,Monocotyledon__class,taxongroup_topic
1277,nmod<conj> ...,1,-0.002,9,1928,Monocotyledon__class,taxongroup_topic
1278,nmod<conj> species,1,-0.0,1,1928,Monocotyledon__class,taxongroup_topic
1279,nmod<conj>amod> ...,1,0.0,2,1928,Monocotyledon__class,taxongroup_topic
1280,nmod<conj>amod> different,1,0.001,3,1928,Monocotyledon__class,taxongroup_topic
1283,nmod<conj>cc> ...,1,0.0,1,1928,Monocotyledon__class,taxongroup_topic
1284,nmod<conj>cc> and,1,-0.001,6,1928,Monocotyledon__class,taxongroup_topic
1286,nmod<conj>cc> or,1,0.001,2,1928,Monocotyledon__class,taxongroup_topic
1288,nmod<conj>nmod> ...,1,0.001,3,1928,Monocotyledon__class,taxongroup_topic
1289,nmod<conj>nmod> plant,1,0.001,3,1928,Monocotyledon__class,taxongroup_topic
1290,nmod<conj>nummod> ...,1,-0.0,1,1928,Monocotyledon__class,taxongroup_topic
1291,nmod<cop> be,1,0.001,5,1928,Monocotyledon__class,taxongroup_topic
1292,nmod<det> ...,1,0.001,3,1928,Monocotyledon__class,taxongroup_topic
1293,nmod<det> a,1,0.001,4,1928,Monocotyledon__class,taxongroup_topic
1294,nmod<det> the,1,0.006,17,1928,Monocotyledon__class,taxongroup_topic
1295,nmod<nmod< ...,1,0.001,6,1928,Monocotyledon__class,taxongroup_topic
1297,nmod<nmod<amod> ...,1,0.0,2,1928,Monocotyledon__class,taxongroup_topic
1298,nmod<nmod<case> ...,1,0.0,1,1928,Monocotyledon__class,taxongroup_topic
1299,nmod<nmod<case> to,1,0.001,2,1928,Monocotyledon__class,taxongroup_topic
1300,nmod<nmod<cop> be,1,0.0,2,1928,Monocotyledon__class,taxongroup_topic
1303,nmod<nmod<det> the,1,0.001,3,1928,Monocotyledon__class,taxongroup_topic
1304,nmod<nmod<nmod> ...,1,0.002,4,1928,Monocotyledon__class,taxongroup_topic
1305,nmod<nmod<nsubj> ...,1,0.0,2,1928,Monocotyledon__class,taxongroup_topic
1307,nmod<nmod> ...,1,0.001,8,1928,Monocotyledon__class,taxongroup_topic
1308,nmod<nmod> family,1,0.0,1,1928,Monocotyledon__class,taxongroup_topic
1309,nmod<nmod> plant,1,0.001,3,1928,Monocotyledon__class,taxongroup_topic
1310,nmod<nmod>amod> ...,1,0.001,5,1928,Monocotyledon__class,taxongroup_topic
1311,nmod<nmod>case> ...,1,0.0,2,1928,Monocotyledon__class,taxongroup_topic
1312,nmod<nmod>case> as,1,0.001,2,1928,Monocotyledon__class,taxongroup_topic
1313,nmod<nmod>case> in,1,0.0,1,1928,Monocotyledon__class,taxongroup_topic
1314,nmod<nmod>case> include,1,0.001,2,1928,Monocotyledon__class,taxongroup_topic
1315,nmod<nmod>case> of,1,0.002,4,1928,Monocotyledon__class,taxongroup_topic
1317,nmod<nmod>case> with,1,0.0,1,1928,Monocotyledon__class,taxongroup_topic
1318,nmod<nmod>compound> ...,1,0.002,8,1928,Monocotyledon__class,taxongroup_topic
1319,nmod<nmod>conj> ...,1,0.001,6,1928,Monocotyledon__class,taxongroup_topic
1320,nmod<nmod>det> a,1,-0.0,1,1928,Monocotyledon__class,taxongroup_topic
1321,nmod<nmod>det> the,1,0.0,2,1928,Monocotyledon__class,taxongroup_topic
1322,nmod<nmod>nmod> ...,1,0.0,3,1928,Monocotyledon__class,taxongroup_topic
1323,nmod<nmod>nummod> ...,1,0.001,3,1928,Monocotyledon__class,taxongroup_topic
1324,nmod<nsubj:pass< ...,1,0.0,2,1928,Monocotyledon__class,taxongroup_topic
1325,nmod<nsubj:pass<aux:pass> be,1,0.0,2,1928,Monocotyledon__class,taxongroup_topic
1326,nmod<nsubj< ...,1,0.001,3,1928,Monocotyledon__class,taxongroup_topic
1327,nmod<nsubj> ...,1,0.0,3,1928,Monocotyledon__class,taxongroup_topic
1328,nmod<nsubj>det> the,1,0.0,2,1928,Monocotyledon__class,taxongroup_topic
1329,nmod<nummod> ...,1,0.001,3,1928,Monocotyledon__class,taxongroup_topic
1330,nmod<obj< ...,1,0.003,10,1928,Monocotyledon__class,taxongroup_topic
1331,nmod<obj< eat,1,0.0,1,1928,Monocotyledon__class,taxongroup_topic
1332,nmod<obj< flower,1,0.001,3,1928,Monocotyledon__class,taxongroup_topic
1334,nmod<obj<acl< ...,1,0.002,4,1928,Monocotyledon__class,taxongroup_topic
1335,nmod<obj<advcl< ...,1,0.0,2,1928,Monocotyledon__class,taxongroup_topic
1336,nmod<obj<mark> for,1,0.001,2,1928,Monocotyledon__class,taxongroup_topic
1337,nmod<obj<mark> of,1,0.001,3,1928,Monocotyledon__class,taxongroup_topic
1338,nmod<obj<mark> to,1,0.001,3,1928,Monocotyledon__class,taxongroup_topic
1339,nmod<obj<nsubj> ...,1,0.0,3,1928,Monocotyledon__class,taxongroup_topic
1340,nmod<obj<nsubj> they,1,0.0,1,1928,Monocotyledon__class,taxongroup_topic
1341,nmod<obj<obl> ...,1,0.001,3,1928,Monocotyledon__class,taxongroup_topic
1342,nmod<obj<xcomp< ...,1,0.001,3,1928,Monocotyledon__class,taxongroup_topic
1345,nmod<obl< ...,1,0.003,9,1928,Monocotyledon__class,taxongroup_topic
1346,nmod<obl<acl:relcl< ...,1,0.001,3,1928,Monocotyledon__class,taxongroup_topic
1347,nmod<obl<advmod> ...,1,0.001,3,1928,Monocotyledon__class,taxongroup_topic
1348,nmod<obl<aux:pass> be,1,0.002,4,1928,Monocotyledon__class,taxongroup_topic
1349,nmod<obl<conj> ...,1,0.003,7,1928,Monocotyledon__class,taxongroup_topic
1350,nmod<obl<nsubj:pass> ...,1,0.002,4,1928,Monocotyledon__class,taxongroup_topic
1351,nmod<obl<nsubj> ...,1,0.001,3,1928,Monocotyledon__class,taxongroup_topic
1352,nmod<obl<obl> ...,1,0.002,5,1928,Monocotyledon__class,taxongroup_topic
1353,nmod<obl> ...,1,-0.001,1,1928,Monocotyledon__class,taxongroup_topic
1354,nmod<obl>case> ...,1,-0.0,1,1928,Monocotyledon__class,taxongroup_topic
1356,nmod> ...,1,0.002,13,1928,Monocotyledon__class,taxongroup_topic
1357,nmod> prairy,1,0.0,1,1928,Monocotyledon__class,taxongroup_topic
1358,nmod>amod> ...,1,0.0,3,1928,Monocotyledon__class,taxongroup_topic
1359,nmod>case> ...,1,0.0,3,1928,Monocotyledon__class,taxongroup_topic
1360,nmod>case> in,1,0.0,4,1928,Monocotyledon__class,taxongroup_topic
1361,nmod>case> of,1,0.002,5,1928,Monocotyledon__class,taxongroup_topic
1362,nmod>case> such,1,-0.0,1,1928,Monocotyledon__class,taxongroup_topic
1363,nmod>case> with,1,0.0,1,1928,Monocotyledon__class,taxongroup_topic
1365,nmod>case>fixed> as,1,-0.0,1,1928,Monocotyledon__class,taxongroup_topic
1366,nmod>compound> ...,1,0.001,4,1928,Monocotyledon__class,taxongroup_topic
1367,nmod>conj> ...,1,0.001,3,1928,Monocotyledon__class,taxongroup_topic
1368,nmod>det> the,1,0.001,3,1928,Monocotyledon__class,taxongroup_topic
1369,nmod>nmod> ...,1,-0.0,1,1928,Monocotyledon__class,taxongroup_topic
1370,nmod>nmod>case> ...,1,0.0,1,1928,Monocotyledon__class,taxongroup_topic
1372,nsubj:pass< ...,1,0.002,7,1928,Monocotyledon__class,taxongroup_topic
1373,nsubj:pass< divide,1,0.001,3,1928,Monocotyledon__class,taxongroup_topic
1374,nsubj:pass<advcl> ...,1,0.001,2,1928,Monocotyledon__class,taxongroup_topic
1375,nsubj:pass<advcl> contain,1,0.001,2,1928,Monocotyledon__class,taxongroup_topic
1376,nsubj:pass<advcl>advmod> both,1,0.001,2,1928,Monocotyledon__class,taxongroup_topic
1377,nsubj:pass<advcl>advmod> yet,1,0.001,2,1928,Monocotyledon__class,taxongroup_topic
1378,nsubj:pass<advmod> ...,1,0.0,2,1928,Monocotyledon__class,taxongroup_topic
1379,nsubj:pass<aux:pass> be,1,0.003,10,1928,Monocotyledon__class,taxongroup_topic
1380,nsubj:pass<obl> ...,1,0.004,11,1928,Monocotyledon__class,taxongroup_topic
1381,nsubj:pass<obl> genera,1,0.001,2,1928,Monocotyledon__class,taxongroup_topic
1382,nsubj:pass<obl> these,1,0.001,2,1928,Monocotyledon__class,taxongroup_topic
1383,nsubj:pass<obl> tribe,1,0.001,3,1928,Monocotyledon__class,taxongroup_topic
1384,nsubj:pass<obl>case> ...,1,0.002,4,1928,Monocotyledon__class,taxongroup_topic
1385,nsubj:pass<obl>case> as,1,0.001,3,1928,Monocotyledon__class,taxongroup_topic
1386,nsubj:pass<obl>case> in,1,0.0,1,1928,Monocotyledon__class,taxongroup_topic
1387,nsubj:pass<obl>case> into,1,0.001,3,1928,Monocotyledon__class,taxongroup_topic
1388,nsubj:pass<obl>case> of,1,0.001,2,1928,Monocotyledon__class,taxongroup_topic
1389,nsubj:pass<obl>case> to,1,0.001,2,1928,Monocotyledon__class,taxongroup_topic
1390,nsubj:pass<obl>case> with,1,0.001,3,1928,Monocotyledon__class,taxongroup_topic
1391,nsubj:pass<obl>case> within,1,0.001,2,1928,Monocotyledon__class,taxongroup_topic
1392,nsubj:pass<obl>compound> ...,1,0.002,4,1928,Monocotyledon__class,taxongroup_topic
1393,nsubj:pass<obl>conj> ...,1,0.0,1,1928,Monocotyledon__class,taxongroup_topic
1394,nsubj:pass<obl>conj> Amaryllidaceae,1,0.001,2,1928,Monocotyledon__class,taxongroup_topic
1395,nsubj:pass<obl>nmod> ...,1,0.001,3,1928,Monocotyledon__class,taxongroup_topic
1396,nsubj:pass<obl>nummod> ...,1,0.001,2,1928,Monocotyledon__class,taxongroup_topic
1397,nsubj:pass<obl>nummod> 133,1,0.001,2,1928,Monocotyledon__class,taxongroup_topic
1398,nsubj:pass<obl>nummod> eleven,1,0.001,2,1928,Monocotyledon__class,taxongroup_topic
1399,nsubj< ...,1,0.009,24,1928,Monocotyledon__class,taxongroup_topic
1400,nsubj< family,1,0.001,2,1928,Monocotyledon__class,taxongroup_topic
1401,nsubj< genus,1,0.001,2,1928,Monocotyledon__class,taxongroup_topic
1402,nsubj< group,1,0.001,3,1928,Monocotyledon__class,taxongroup_topic
1403,nsubj< have,1,0.001,3,1928,Monocotyledon__class,taxongroup_topic
1404,nsubj< include,1,0.0,1,1928,Monocotyledon__class,taxongroup_topic
1405,nsubj< member,1,0.001,2,1928,Monocotyledon__class,taxongroup_topic
1406,nsubj< one,1,0.001,3,1928,Monocotyledon__class,taxongroup_topic
1407,nsubj< order,1,0.002,4,1928,Monocotyledon__class,taxongroup_topic
1408,nsubj< plant,1,0.001,3,1928,Monocotyledon__class,taxongroup_topic
1409,nsubj<acl:relcl> ...,1,0.001,3,1928,Monocotyledon__class,taxongroup_topic
1410,nsubj<acl:relcl>nsubj> ...,1,0.001,3,1928,Monocotyledon__class,taxongroup_topic
1411,nsubj<acl> ...,1,0.001,2,1928,Monocotyledon__class,taxongroup_topic
1412,nsubj<acl> flower,1,0.001,2,1928,Monocotyledon__class,taxongroup_topic
1413,nsubj<acl>obj> ...,1,0.0,1,1928,Monocotyledon__class,taxongroup_topic
1414,nsubj<acl>obj> plant,1,0.001,2,1928,Monocotyledon__class,taxongroup_topic
1415,nsubj<advcl> ...,1,0.003,7,1928,Monocotyledon__class,taxongroup_topic
1416,nsubj<advcl>amod> ...,1,0.001,3,1928,Monocotyledon__class,taxongroup_topic
1417,nsubj<advcl>cop> ...,1,0.0,1,1928,Monocotyledon__class,taxongroup_topic
1418,nsubj<advcl>cop> be,1,0.001,2,1928,Monocotyledon__class,taxongroup_topic
1419,nsubj<advcl>mark> ...,1,0.002,5,1928,Monocotyledon__class,taxongroup_topic
1420,nsubj<advcl>mark> while,1,0.001,2,1928,Monocotyledon__class,taxongroup_topic
1421,nsubj<advcl>nsubj> ...,1,0.002,6,1928,Monocotyledon__class,taxongroup_topic
1422,nsubj<advmod> ...,1,0.003,9,1928,Monocotyledon__class,taxongroup_topic
1423,nsubj<amod> ...,1,0.004,10,1928,Monocotyledon__class,taxongroup_topic
1424,nsubj<amod> important,1,0.001,2,1928,Monocotyledon__class,taxongroup_topic
1425,nsubj<amod> large,1,0.001,2,1928,Monocotyledon__class,taxongroup_topic
1426,nsubj<amod> largest,1,0.001,3,1928,Monocotyledon__class,taxongroup_topic
1427,nsubj<amod>advmod> ...,1,0.0,1,1928,Monocotyledon__class,taxongroup_topic
1428,nsubj<amod>advmod> economically,1,0.001,2,1928,Monocotyledon__class,taxongroup_topic
1429,nsubj<amod>advmod> most,1,0.001,2,1928,Monocotyledon__class,taxongroup_topic
1430,nsubj<appos> ...,1,0.0,1,1928,Monocotyledon__class,taxongroup_topic
1431,nsubj<appos> family,1,0.001,2,1928,Monocotyledon__class,taxongroup_topic
1432,nsubj<aux> ...,1,0.0,1,1928,Monocotyledon__class,taxongroup_topic
1433,nsubj<aux> can,1,0.001,2,1928,Monocotyledon__class,taxongroup_topic
1434,nsubj<compound> ...,1,0.0,1,1928,Monocotyledon__class,taxongroup_topic
1435,nsubj<compound> plant,1,0.001,2,1928,Monocotyledon__class,taxongroup_topic
1436,nsubj<conj< ...,1,0.002,4,1928,Monocotyledon__class,taxongroup_topic
1437,nsubj<conj> ...,1,0.006,17,1928,Monocotyledon__class,taxongroup_topic
1438,nsubj<conj> have,1,0.001,2,1928,Monocotyledon__class,taxongroup_topic
1439,nsubj<conj>acl:relcl> ...,1,0.001,3,1928,Monocotyledon__class,taxongroup_topic
1440,nsubj<conj>advmod> ...,1,0.003,8,1928,Monocotyledon__class,taxongroup_topic
1441,nsubj<conj>amod> ...,1,0.003,7,1928,Monocotyledon__class,taxongroup_topic
1442,nsubj<conj>aux> ...,1,0.002,4,1928,Monocotyledon__class,taxongroup_topic
1443,nsubj<conj>cc> ...,1,0.0,1,1928,Monocotyledon__class,taxongroup_topic
1444,nsubj<conj>cc> and,1,0.003,8,1928,Monocotyledon__class,taxongroup_topic
1445,nsubj<conj>cc> but,1,0.002,5,1928,Monocotyledon__class,taxongroup_topic
1446,nsubj<conj>cop> be,1,0.002,4,1928,Monocotyledon__class,taxongroup_topic
1447,nsubj<conj>det> a,1,0.002,4,1928,Monocotyledon__class,taxongroup_topic
1448,nsubj<conj>det> the,1,0.001,2,1928,Monocotyledon__class,taxongroup_topic
1449,nsubj<conj>nmod> ...,1,0.004,10,1928,Monocotyledon__class,taxongroup_topic
1450,nsubj<conj>nsubj> ...,1,0.002,4,1928,Monocotyledon__class,taxongroup_topic
1451,nsubj<conj>nsubj> grass,1,0.001,2,1928,Monocotyledon__class,taxongroup_topic
1452,nsubj<conj>obj> ...,1,0.001,3,1928,Monocotyledon__class,taxongroup_topic
1453,nsubj<conj>obl> ...,1,0.002,5,1928,Monocotyledon__class,taxongroup_topic
1454,nsubj<cop> be,1,0.013,34,1928,Monocotyledon__class,taxongroup_topic
1455,nsubj<det> a,1,0.004,11,1928,Monocotyledon__class,taxongroup_topic
1456,nsubj<det> the,1,0.003,9,1928,Monocotyledon__class,taxongroup_topic
1457,nsubj<mark> ...,1,0.002,4,1928,Monocotyledon__class,taxongroup_topic
1458,nsubj<nmod> ...,1,0.005,13,1928,Monocotyledon__class,taxongroup_topic
1459,nsubj<nmod> family,1,0.002,5,1928,Monocotyledon__class,taxongroup_topic
1460,nsubj<nmod> plant,1,0.002,4,1928,Monocotyledon__class,taxongroup_topic
1461,nsubj<nmod>amod> ...,1,0.002,4,1928,Monocotyledon__class,taxongroup_topic
1462,nsubj<nmod>amod> flower,1,0.001,2,1928,Monocotyledon__class,taxongroup_topic
1463,nsubj<nmod>amod> lily,1,0.001,2,1928,Monocotyledon__class,taxongroup_topic
1464,nsubj<nmod>case> ...,1,0.003,7,1928,Monocotyledon__class,taxongroup_topic
1465,nsubj<nmod>case> of,1,0.006,16,1928,Monocotyledon__class,taxongroup_topic
1466,nsubj<nmod>conj> ...,1,0.003,8,1928,Monocotyledon__class,taxongroup_topic
1467,nsubj<nmod>det> ...,1,0.001,2,1928,Monocotyledon__class,taxongroup_topic
1468,nsubj<nmod>det> the,1,0.003,8,1928,Monocotyledon__class,taxongroup_topic
1469,nsubj<nmod>nmod> ...,1,0.003,7,1928,Monocotyledon__class,taxongroup_topic
1470,nsubj<nmod>nummod> ...,1,0.001,2,1928,Monocotyledon__class,taxongroup_topic
1471,nsubj<nmod>nummod> two,1,0.001,2,1928,Monocotyledon__class,taxongroup_topic
1472,nsubj<obj> ...,1,0.002,6,1928,Monocotyledon__class,taxongroup_topic
1473,nsubj<obj>amod> ...,1,0.002,5,1928,Monocotyledon__class,taxongroup_topic
1474,nsubj<obj>compound> ...,1,0.002,4,1928,Monocotyledon__class,taxongroup_topic
1475,nsubj<obj>nmod> ...,1,0.0,2,1928,Monocotyledon__class,taxongroup_topic
1476,nsubj<obl> ...,1,0.004,11,1928,Monocotyledon__class,taxongroup_topic
1477,nsubj<obl> monocot,1,0.001,2,1928,Monocotyledon__class,taxongroup_topic
1478,nsubj<obl>amod> ...,1,0.002,4,1928,Monocotyledon__class,taxongroup_topic
1479,nsubj<obl>case> ...,1,0.003,9,1928,Monocotyledon__class,taxongroup_topic
1480,nsubj<obl>case> in,1,0.001,3,1928,Monocotyledon__class,taxongroup_topic
1481,nsubj<obl>case> to,1,0.001,2,1928,Monocotyledon__class,taxongroup_topic
1482,nsubj<obl>conj> ...,1,0.002,6,1928,Monocotyledon__class,taxongroup_topic
1483,nsubj<obl>det> the,1,0.002,5,1928,Monocotyledon__class,taxongroup_topic
1484,nsubj> ...,1,0.001,4,1928,Monocotyledon__class,taxongroup_topic
1485,nsubj> family,1,0.001,2,1928,Monocotyledon__class,taxongroup_topic
1486,nsubj>acl>obl> ...,1,-0.0,1,1928,Monocotyledon__class,taxongroup_topic
1487,nsubj>amod> ...,1,0.001,3,1928,Monocotyledon__class,taxongroup_topic
1488,nsubj>conj> ...,1,-0.0,1,1928,Monocotyledon__class,taxongroup_topic
1489,nsubj>det> the,1,0.0,2,1928,Monocotyledon__class,taxongroup_topic
1490,nsubj>nmod> ...,1,0.0,2,1928,Monocotyledon__class,taxongroup_topic
1491,nsubj>nmod>case> ...,1,0.0,2,1928,Monocotyledon__class,taxongroup_topic
1492,obj< ...,1,0.0,9,1928,Monocotyledon__class,taxongroup_topic
1493,obj< eat,1,-0.0,3,1928,Monocotyledon__class,taxongroup_topic
1494,obj< grind,1,0.0,1,1928,Monocotyledon__class,taxongroup_topic
1495,obj< include,1,-0.0,1,1928,Monocotyledon__class,taxongroup_topic
1496,obj< place,1,0.001,2,1928,Monocotyledon__class,taxongroup_topic
1497,obj<acl< ...,1,0.0,2,1928,Monocotyledon__class,taxongroup_topic
1498,obj<acl<det> ...,1,0.0,1,1928,Monocotyledon__class,taxongroup_topic
1499,obj<acl<det> the,1,0.0,1,1928,Monocotyledon__class,taxongroup_topic
1500,obj<advcl< ...,1,-0.0,3,1928,Monocotyledon__class,taxongroup_topic
1501,obj<advcl<advmod> ...,1,0.001,4,1928,Monocotyledon__class,taxongroup_topic
1502,obj<advcl<cop> be,1,-0.0,1,1928,Monocotyledon__class,taxongroup_topic
1503,obj<advcl<nsubj> ...,1,-0.0,3,1928,Monocotyledon__class,taxongroup_topic
1504,obj<advcl> ...,1,0.0,2,1928,Monocotyledon__class,taxongroup_topic
1505,obj<advcl>mark> ...,1,0.0,2,1928,Monocotyledon__class,taxongroup_topic
1506,obj<advmod> ...,1,-0.0,1,1928,Monocotyledon__class,taxongroup_topic
1507,obj<advmod> also,1,0.0,1,1928,Monocotyledon__class,taxongroup_topic
1508,obj<advmod> mainly,1,0.0,1,1928,Monocotyledon__class,taxongroup_topic
1509,obj<advmod> not,1,0.001,2,1928,Monocotyledon__class,taxongroup_topic
1510,obj<aux> ...,1,0.001,2,1928,Monocotyledon__class,taxongroup_topic
1511,obj<aux> do,1,0.001,2,1928,Monocotyledon__class,taxongroup_topic
1514,obj<cc> and,1,-0.0,1,1928,Monocotyledon__class,taxongroup_topic
1515,obj<conj< ...,1,-0.0,1,1928,Monocotyledon__class,taxongroup_topic
1516,obj<conj<nsubj> ...,1,-0.0,1,1928,Monocotyledon__class,taxongroup_topic
1517,obj<conj<obj> ...,1,-0.0,1,1928,Monocotyledon__class,taxongroup_topic
1518,obj<conj> ...,1,0.001,5,1928,Monocotyledon__class,taxongroup_topic
1519,obj<conj> see,1,0.001,2,1928,Monocotyledon__class,taxongroup_topic
1520,obj<conj>cc> ...,1,0.0,1,1928,Monocotyledon__class,taxongroup_topic
1522,obj<conj>cc> but,1,0.002,6,1928,Monocotyledon__class,taxongroup_topic
1523,obj<conj>obj> ...,1,0.001,3,1928,Monocotyledon__class,taxongroup_topic
1524,obj<conj>obj> it,1,0.001,2,1928,Monocotyledon__class,taxongroup_topic
1525,obj<conj>obl> ...,1,0.001,3,1928,Monocotyledon__class,taxongroup_topic
1526,obj<conj>obl> paraphyletic,1,0.001,2,1928,Monocotyledon__class,taxongroup_topic
1527,obj<mark> ...,1,0.001,4,1928,Monocotyledon__class,taxongroup_topic
1529,obj<nsubj> ...,1,0.002,7,1928,Monocotyledon__class,taxongroup_topic
1530,obj<nsubj> Lindley,1,0.001,2,1928,Monocotyledon__class,taxongroup_topic
1531,obj<nsubj> they,1,-0.0,2,1928,Monocotyledon__class,taxongroup_topic
1532,obj<nsubj>amod> ...,1,0.001,2,1928,Monocotyledon__class,taxongroup_topic
1533,obj<nsubj>amod> other,1,0.0,1,1928,Monocotyledon__class,taxongroup_topic
1534,obj<nsubj>compound> ...,1,0.001,3,1928,Monocotyledon__class,taxongroup_topic
1535,obj<obl> ...,1,0.002,6,1928,Monocotyledon__class,taxongroup_topic
1536,obj<obl> Liliale,1,0.001,2,1928,Monocotyledon__class,taxongroup_topic
1537,obj<obl>amod> ...,1,0.001,3,1928,Monocotyledon__class,taxongroup_topic
1538,obj<obl>case> ...,1,0.001,4,1928,Monocotyledon__class,taxongroup_topic
1539,obj<obl>case> in,1,0.001,2,1928,Monocotyledon__class,taxongroup_topic
1540,obj<obl>case> within,1,0.001,2,1928,Monocotyledon__class,taxongroup_topic
1541,obj<obl>det> the,1,0.001,3,1928,Monocotyledon__class,taxongroup_topic
1542,obj<parataxis> ...,1,0.002,4,1928,Monocotyledon__class,taxongroup_topic
1543,obl< ...,1,0.002,18,1928,Monocotyledon__class,taxongroup_topic
1544,obl< consist,1,0.0,1,1928,Monocotyledon__class,taxongroup_topic
1546,obl< feed,1,0.0,3,1928,Monocotyledon__class,taxongroup_topic
1547,obl< graze,1,0.0,3,1928,Monocotyledon__class,taxongroup_topic
1548,obl< know,1,0.001,4,1928,Monocotyledon__class,taxongroup_topic
1549,obl< make,1,0.0,1,1928,Monocotyledon__class,taxongroup_topic
1550,obl< refer,1,0.001,3,1928,Monocotyledon__class,taxongroup_topic
1551,obl< related,1,0.001,2,1928,Monocotyledon__class,taxongroup_topic
1552,obl<acl:relcl< ...,1,0.001,3,1928,Monocotyledon__class,taxongroup_topic
1553,obl<acl< ...,1,0.0,5,1928,Monocotyledon__class,taxongroup_topic
1554,obl<acl< plant,1,0.001,2,1928,Monocotyledon__class,taxongroup_topic
1555,obl<acl<amod> ...,1,-0.0,1,1928,Monocotyledon__class,taxongroup_topic
1556,obl<acl<case> ...,1,0.001,3,1928,Monocotyledon__class,taxongroup_topic
1557,obl<acl<conj> ...,1,0.0,2,1928,Monocotyledon__class,taxongroup_topic
1558,obl<acl<nmod< ...,1,0.0,2,1928,Monocotyledon__class,taxongroup_topic
1559,obl<acl<nsubj> ...,1,-0.0,1,1928,Monocotyledon__class,taxongroup_topic
1560,obl<advcl< ...,1,-0.0,1,1928,Monocotyledon__class,taxongroup_topic
1561,obl<advcl< herbivore,1,0.001,2,1928,Monocotyledon__class,taxongroup_topic
1562,obl<advcl<cop> be,1,0.0,2,1928,Monocotyledon__class,taxongroup_topic
1563,obl<advcl<nsubj> ...,1,0.001,3,1928,Monocotyledon__class,taxongroup_topic
1564,obl<advcl> ...,1,0.001,4,1928,Monocotyledon__class,taxongroup_topic
1565,obl<advcl>mark> ...,1,0.001,2,1928,Monocotyledon__class,taxongroup_topic
1566,obl<advcl>mark> when,1,0.001,2,1928,Monocotyledon__class,taxongroup_topic
1567,obl<advmod> ...,1,0.002,9,1928,Monocotyledon__class,taxongroup_topic
1568,obl<advmod> commonly,1,0.001,2,1928,Monocotyledon__class,taxongroup_topic
1569,obl<advmod> mainly,1,0.001,3,1928,Monocotyledon__class,taxongroup_topic
1570,obl<amod< ...,1,0.0,2,1928,Monocotyledon__class,taxongroup_topic
1571,obl<appos> ...,1,0.0,2,1928,Monocotyledon__class,taxongroup_topic
1572,obl<aux:pass> be,1,-0.0,4,1928,Monocotyledon__class,taxongroup_topic
1573,obl<aux> ...,1,0.001,2,1928,Monocotyledon__class,taxongroup_topic
1574,obl<aux> be,1,0.001,2,1928,Monocotyledon__class,taxongroup_topic
1576,obl<cc> and,1,-0.0,1,1928,Monocotyledon__class,taxongroup_topic
1577,obl<conj< ...,1,-0.001,1,1928,Monocotyledon__class,taxongroup_topic
1579,obl<conj<cop> be,1,-0.0,1,1928,Monocotyledon__class,taxongroup_topic
1581,obl<conj<nsubj> nest,1,0.0,1,1928,Monocotyledon__class,taxongroup_topic
1582,obl<conj> ...,1,0.0,4,1928,Monocotyledon__class,taxongroup_topic
1583,obl<conj>advmod> ...,1,0.0,2,1928,Monocotyledon__class,taxongroup_topic
1584,obl<conj>amod> ...,1,-0.0,1,1928,Monocotyledon__class,taxongroup_topic
1585,obl<conj>cc> ...,1,0.0,1,1928,Monocotyledon__class,taxongroup_topic
1586,obl<conj>cc> and,1,0.0,3,1928,Monocotyledon__class,taxongroup_topic
1587,obl<conj>obj> ...,1,0.0,1,1928,Monocotyledon__class,taxongroup_topic
1588,obl<conj>obj> plant,1,0.0,1,1928,Monocotyledon__class,taxongroup_topic
1589,obl<cop> be,1,0.001,4,1928,Monocotyledon__class,taxongroup_topic
1593,obl<nsubj:pass> ...,1,-0.0,4,1928,Monocotyledon__class,taxongroup_topic
1594,obl<nsubj:pass>compound> ...,1,0.001,3,1928,Monocotyledon__class,taxongroup_topic
1596,obl<nsubj:pass>det> the,1,0.001,3,1928,Monocotyledon__class,taxongroup_topic
1597,obl<nsubj> ...,1,0.002,10,1928,Monocotyledon__class,taxongroup_topic
1598,obl<nsubj> diet,1,0.0,1,1928,Monocotyledon__class,taxongroup_topic
1599,obl<nsubj> plant,1,0.001,2,1928,Monocotyledon__class,taxongroup_topic
1600,obl<nsubj>amod> ...,1,0.001,3,1928,Monocotyledon__class,taxongroup_topic
1601,obl<nsubj>compound> ...,1,0.0,2,1928,Monocotyledon__class,taxongroup_topic
1602,obl<nsubj>det> ...,1,0.0,1,1928,Monocotyledon__class,taxongroup_topic
1603,obl<nsubj>det> the,1,0.001,4,1928,Monocotyledon__class,taxongroup_topic
1604,obl<nsubj>nmod> ...,1,-0.0,2,1928,Monocotyledon__class,taxongroup_topic
1605,obl<obj> ...,1,-0.0,1,1928,Monocotyledon__class,taxongroup_topic
1606,obl<obj> plant,1,0.0,2,1928,Monocotyledon__class,taxongroup_topic
1607,obl<obj>det> ...,1,0.0,2,1928,Monocotyledon__class,taxongroup_topic
1608,obl<obl> ...,1,0.0,5,1928,Monocotyledon__class,taxongroup_topic
1609,obl<obl> to,1,0.0,2,1928,Monocotyledon__class,taxongroup_topic
1610,obl<obl> which,1,0.001,2,1928,Monocotyledon__class,taxongroup_topic
1611,obl<obl>case> ...,1,0.0,3,1928,Monocotyledon__class,taxongroup_topic
1612,obl<obl>case> in,1,0.0,3,1928,Monocotyledon__class,taxongroup_topic
1613,obl<obl>case> on,1,0.001,2,1928,Monocotyledon__class,taxongroup_topic
1614,obl<parataxis<conj> ...,1,0.002,4,1928,Monocotyledon__class,taxongroup_topic
1615,parataxis<conj<conj> ...,1,0.001,3,1928,Monocotyledon__class,taxongroup_topic
1616,parataxis<conj<conj> grass,1,0.001,2,1928,Monocotyledon__class,taxongroup_topic
1617,parataxis<conj> ...,1,0.0,1,1928,Monocotyledon__class,taxongroup_topic
1618,parataxis<conj> grass,1,0.001,2,1928,Monocotyledon__class,taxongroup_topic
1619,parataxis> ...,1,0.0,2,1928,Monocotyledon__class,taxongroup_topic
1655,appos< ...,2,0.08,1,23,Monocotyledon__class,taxongroup_topic
1679,appos<conj< ...,2,0.177,1,23,Monocotyledon__class,taxongroup_topic
1682,appos<conj<amod> ...,2,0.194,1,23,Monocotyledon__class,taxongroup_topic
1685,appos<conj<appos> ...,2,0.583,3,23,Monocotyledon__class,taxongroup_topic
1689,appos<conj<conj> ...,2,2.958,14,23,Monocotyledon__class,taxongroup_topic
1690,appos<conj<conj> banana,2,0.164,1,23,Monocotyledon__class,taxongroup_topic
1693,appos<conj<conj> ginger,2,0.164,1,23,Monocotyledon__class,taxongroup_topic
1699,appos<conj<conj> yam,2,0.194,1,23,Monocotyledon__class,taxongroup_topic
2446,advmod> mainly,3,0.007,1,234,Monocotyledon__class,taxongroup_topic
2448,advmod> primarily,3,0.007,1,234,Monocotyledon__class,taxongroup_topic
2449,amod> ...,3,-0.001,3,234,Monocotyledon__class,taxongroup_topic
2465,appos< ...,3,0.015,4,234,Monocotyledon__class,taxongroup_topic
2466,appos< family,3,0.009,1,234,Monocotyledon__class,taxongroup_topic
2472,appos<amod> ...,3,0.002,1,234,Monocotyledon__class,taxongroup_topic
2476,appos<appos> ...,3,0.006,1,234,Monocotyledon__class,taxongroup_topic
2487,appos<compound> ...,3,0.002,1,234,Monocotyledon__class,taxongroup_topic
2517,appos<conj> ...,3,0.004,1,234,Monocotyledon__class,taxongroup_topic
2519,appos<conj>cc> ...,3,0.009,1,234,Monocotyledon__class,taxongroup_topic
2521,appos<conj>flat> ...,3,0.012,1,234,Monocotyledon__class,taxongroup_topic
2524,appos<det> the,3,0.016,2,234,Monocotyledon__class,taxongroup_topic
2525,appos<flat> ...,3,0.006,1,234,Monocotyledon__class,taxongroup_topic
2534,appos<nsubj< ...,3,0.03,3,234,Monocotyledon__class,taxongroup_topic
2538,appos<nsubj<obl> ...,3,0.007,1,234,Monocotyledon__class,taxongroup_topic
2543,appos> ...,3,0.051,8,234,Monocotyledon__class,taxongroup_topic
2544,appos> Edibility,3,0.024,2,234,Monocotyledon__class,taxongroup_topic
2564,cc> or,3,0.007,1,234,Monocotyledon__class,taxongroup_topic
2565,compound< ...,3,0.099,10,234,Monocotyledon__class,taxongroup_topic
2566,compound< family,3,0.03,3,234,Monocotyledon__class,taxongroup_topic
2567,compound< group,3,0.009,1,234,Monocotyledon__class,taxongroup_topic
2569,compound< plant,3,0.078,8,234,Monocotyledon__class,taxongroup_topic
2570,compound< species,3,0.024,2,234,Monocotyledon__class,taxongroup_topic
2571,compound< stem,3,0.021,2,234,Monocotyledon__class,taxongroup_topic
2572,compound< stricto,3,0.009,1,234,Monocotyledon__class,taxongroup_topic
2576,compound<amod> ...,3,0.022,3,234,Monocotyledon__class,taxongroup_topic
2579,compound<case> ...,3,0.073,6,234,Monocotyledon__class,taxongroup_topic
2580,compound<case> as,3,0.024,2,234,Monocotyledon__class,taxongroup_topic
2581,compound<case> in,3,0.021,2,234,Monocotyledon__class,taxongroup_topic
2582,compound<case> of,3,0.105,9,234,Monocotyledon__class,taxongroup_topic
2583,compound<case> to,3,0.024,2,234,Monocotyledon__class,taxongroup_topic
2584,compound<case> unlike,3,0.009,1,234,Monocotyledon__class,taxongroup_topic
2586,compound<compound> ...,3,0.026,3,234,Monocotyledon__class,taxongroup_topic
2587,compound<compound> sensu,3,0.007,1,234,Monocotyledon__class,taxongroup_topic
2588,compound<conj< ...,3,0.004,1,234,Monocotyledon__class,taxongroup_topic
2590,compound<conj<conj> ...,3,0.005,1,234,Monocotyledon__class,taxongroup_topic
2591,compound<conj> ...,3,0.016,2,234,Monocotyledon__class,taxongroup_topic
2592,compound<conj>cc> and,3,0.007,1,234,Monocotyledon__class,taxongroup_topic
2595,compound<det> ...,3,0.009,1,234,Monocotyledon__class,taxongroup_topic
2596,compound<det> the,3,0.125,12,234,Monocotyledon__class,taxongroup_topic
2597,compound<nmod< ...,3,0.126,11,234,Monocotyledon__class,taxongroup_topic
2598,compound<nmod< part,3,0.024,2,234,Monocotyledon__class,taxongroup_topic
2599,compound<nmod<amod> ...,3,0.069,6,234,Monocotyledon__class,taxongroup_topic
2600,compound<nmod<case> ...,3,0.036,3,234,Monocotyledon__class,taxongroup_topic
2602,compound<nmod<det> a,3,0.009,1,234,Monocotyledon__class,taxongroup_topic
2603,compound<nmod<det> all,3,0.024,2,234,Monocotyledon__class,taxongroup_topic
2604,compound<nmod<det> the,3,0.036,3,234,Monocotyledon__class,taxongroup_topic
2605,compound<nmod<nsubj< ...,3,0.073,6,234,Monocotyledon__class,taxongroup_topic
2607,compound<nmod> plant,3,0.009,1,234,Monocotyledon__class,taxongroup_topic
2608,compound<nmod>case> ...,3,0.004,1,234,Monocotyledon__class,taxongroup_topic
2610,compound<nsubj< ...,3,0.021,2,234,Monocotyledon__class,taxongroup_topic
2616,compound<obl< ...,3,0.093,8,234,Monocotyledon__class,taxongroup_topic
2617,compound<obl<acl< ...,3,0.036,3,234,Monocotyledon__class,taxongroup_topic
2618,compound<obl<nsubj> ...,3,0.057,5,234,Monocotyledon__class,taxongroup_topic
2620,compound> Allium,3,0.083,8,234,Monocotyledon__class,taxongroup_topic
2621,compound> Amorphophallus,3,0.007,1,234,Monocotyledon__class,taxongroup_topic
2622,compound> Fritillaria,3,0.155,14,234,Monocotyledon__class,taxongroup_topic
2623,compound> Narcissus,3,0.143,13,234,Monocotyledon__class,taxongroup_topic
2632,conj< ...,3,-0.004,1,234,Monocotyledon__class,taxongroup_topic
2655,conj<appos< ...,3,0.006,1,234,Monocotyledon__class,taxongroup_topic
2841,conj> sedge,3,0.02,4,234,Monocotyledon__class,taxongroup_topic
2848,conj>cc> and,3,0.002,4,234,Monocotyledon__class,taxongroup_topic
2854,cop> be,3,0.002,1,234,Monocotyledon__class,taxongroup_topic
2860,flat< ...,3,0.006,1,234,Monocotyledon__class,taxongroup_topic
2863,flat<nmod<nmod> ...,3,0.036,3,234,Monocotyledon__class,taxongroup_topic
3024,nsubj< include,3,0.009,1,234,Monocotyledon__class,taxongroup_topic
3092,nsubj<obj> ...,3,0.004,1,234,Monocotyledon__class,taxongroup_topic
3095,nsubj<obj>nmod> ...,3,0.007,1,234,Monocotyledon__class,taxongroup_topic
3104,nsubj> ...,3,0.004,1,234,Monocotyledon__class,taxongroup_topic
3109,nsubj>det> the,3,0.007,1,234,Monocotyledon__class,taxongroup_topic
3110,nsubj>nmod> ...,3,0.007,1,234,Monocotyledon__class,taxongroup_topic
3111,nsubj>nmod>case> ...,3,0.007,1,234,Monocotyledon__class,taxongroup_topic
3112,obj< ...,3,-0.0,1,234,Monocotyledon__class,taxongroup_topic
3113,obj< eat,3,0.012,2,234,Monocotyledon__class,taxongroup_topic
3120,obj<advcl< ...,3,0.003,1,234,Monocotyledon__class,taxongroup_topic
3121,obj<advcl<advmod> ...,3,0.004,1,234,Monocotyledon__class,taxongroup_topic
3122,obj<advcl<cop> be,3,0.005,1,234,Monocotyledon__class,taxongroup_topic
3123,obj<advcl<nsubj> ...,3,0.004,1,234,Monocotyledon__class,taxongroup_topic
3126,obj<advmod> ...,3,0.005,1,234,Monocotyledon__class,taxongroup_topic
3148,obj<mark> to,3,0.009,1,234,Monocotyledon__class,taxongroup_topic
3151,obj<nsubj> they,3,0.005,1,234,Monocotyledon__class,taxongroup_topic
3155,obj<obl> ...,3,0.004,1,234,Monocotyledon__class,taxongroup_topic
3157,obj<obl>amod> ...,3,0.006,1,234,Monocotyledon__class,taxongroup_topic
3158,obj<obl>case> ...,3,0.005,1,234,Monocotyledon__class,taxongroup_topic
3239,parataxis> ...,3,0.007,1,234,Monocotyledon__class,taxongroup_topic
3259,amod> ...,4,-0.003,2,181,Monocotyledon__class,taxongroup_topic
3264,amod> green,4,0.013,1,181,Monocotyledon__class,taxongroup_topic
3275,appos< ...,4,-0.001,1,181,Monocotyledon__class,taxongroup_topic
3280,appos<advmod> ...,4,0.013,1,181,Monocotyledon__class,taxongroup_topic
3292,appos<case> ...,4,0.006,1,181,Monocotyledon__class,taxongroup_topic
3327,appos<conj> ...,4,0.007,1,181,Monocotyledon__class,taxongroup_topic
3333,appos<det> ...,4,0.013,1,181,Monocotyledon__class,taxongroup_topic
3340,appos<nmod> ...,4,0.007,1,181,Monocotyledon__class,taxongroup_topic
3342,appos<nmod>case> ...,4,0.009,1,181,Monocotyledon__class,taxongroup_topic
3353,appos> ...,4,0.004,2,181,Monocotyledon__class,taxongroup_topic
3362,case> as,4,0.003,1,181,Monocotyledon__class,taxongroup_topic
3364,case> for,4,0.009,1,181,Monocotyledon__class,taxongroup_topic
3365,case> in,4,0.027,3,181,Monocotyledon__class,taxongroup_topic
3366,case> include,4,0.008,1,181,Monocotyledon__class,taxongroup_topic
3367,case> of,4,-0.004,1,181,Monocotyledon__class,taxongroup_topic
3369,case> such,4,0.014,2,181,Monocotyledon__class,taxongroup_topic
3372,case>fixed> as,4,0.014,2,181,Monocotyledon__class,taxongroup_topic
3429,compound> ...,4,-0.004,1,181,Monocotyledon__class,taxongroup_topic
3431,compound> Amorphophallus,4,0.011,1,181,Monocotyledon__class,taxongroup_topic
3438,compound> order,4,0.006,1,181,Monocotyledon__class,taxongroup_topic
3441,compound>compound> ...,4,0.008,1,181,Monocotyledon__class,taxongroup_topic
3651,conj> sedge,4,0.0,1,181,Monocotyledon__class,taxongroup_topic
3658,conj>cc> and,4,-0.006,1,181,Monocotyledon__class,taxongroup_topic
3666,det> a,4,0.011,1,181,Monocotyledon__class,taxongroup_topic
3669,det> the,4,-0.003,3,181,Monocotyledon__class,taxongroup_topic
3676,nmod< ...,4,0.013,4,181,Monocotyledon__class,taxongroup_topic
3679,nmod< plant,4,0.027,3,181,Monocotyledon__class,taxongroup_topic
3683,nmod<amod> ...,4,0.072,7,181,Monocotyledon__class,taxongroup_topic
3685,nmod<amod> perennial,4,0.03,2,181,Monocotyledon__class,taxongroup_topic
3686,nmod<amod>advmod> ...,4,0.017,1,181,Monocotyledon__class,taxongroup_topic
3688,nmod<appos> ...,4,0.008,1,181,Monocotyledon__class,taxongroup_topic
3689,nmod<appos>conj> ...,4,0.11,7,181,Monocotyledon__class,taxongroup_topic
3694,nmod<case> of,4,0.024,2,181,Monocotyledon__class,taxongroup_topic
3699,nmod<compound> ...,4,0.019,2,181,Monocotyledon__class,taxongroup_topic
3707,nmod<conj> ...,4,0.268,18,181,Monocotyledon__class,taxongroup_topic
3708,nmod<conj> species,4,0.03,2,181,Monocotyledon__class,taxongroup_topic
3709,nmod<conj>amod> ...,4,0.027,2,181,Monocotyledon__class,taxongroup_topic
3711,nmod<conj>appos> ...,4,0.051,3,181,Monocotyledon__class,taxongroup_topic
3712,nmod<conj>appos> Poale,4,0.051,3,181,Monocotyledon__class,taxongroup_topic
3714,nmod<conj>cc> and,4,0.129,9,181,Monocotyledon__class,taxongroup_topic
3715,nmod<conj>cc> as,4,0.034,2,181,Monocotyledon__class,taxongroup_topic
3717,nmod<conj>compound> ...,4,0.069,4,181,Monocotyledon__class,taxongroup_topic
3718,nmod<conj>nmod> ...,4,0.009,1,181,Monocotyledon__class,taxongroup_topic
3720,nmod<conj>nummod> ...,4,0.047,3,181,Monocotyledon__class,taxongroup_topic
3725,nmod<nmod< ...,4,0.005,1,181,Monocotyledon__class,taxongroup_topic
3726,nmod<nmod< family,4,0.013,1,181,Monocotyledon__class,taxongroup_topic
3730,nmod<nmod<cop> be,4,0.009,1,181,Monocotyledon__class,taxongroup_topic
3731,nmod<nmod<det> ...,4,0.017,1,181,Monocotyledon__class,taxongroup_topic
3732,nmod<nmod<det> a,4,0.013,1,181,Monocotyledon__class,taxongroup_topic
3735,nmod<nmod<nsubj> ...,4,0.009,1,181,Monocotyledon__class,taxongroup_topic
3736,nmod<nmod<obj< ...,4,0.011,1,181,Monocotyledon__class,taxongroup_topic
3737,nmod<nmod> ...,4,0.014,2,181,Monocotyledon__class,taxongroup_topic
3738,nmod<nmod> family,4,0.013,1,181,Monocotyledon__class,taxongroup_topic
3740,nmod<nmod>amod> ...,4,0.006,1,181,Monocotyledon__class,taxongroup_topic
3743,nmod<nmod>case> in,4,0.013,1,181,Monocotyledon__class,taxongroup_topic
3746,nmod<nmod>case> such,4,0.034,2,181,Monocotyledon__class,taxongroup_topic
3748,nmod<nmod>compound> ...,4,0.004,1,181,Monocotyledon__class,taxongroup_topic
3749,nmod<nmod>conj> ...,4,0.033,3,181,Monocotyledon__class,taxongroup_topic
3751,nmod<nmod>det> the,4,0.011,1,181,Monocotyledon__class,taxongroup_topic
3757,nmod<nsubj> ...,4,0.008,1,181,Monocotyledon__class,taxongroup_topic
3761,nmod<obj< eat,4,0.013,1,181,Monocotyledon__class,taxongroup_topic
3763,nmod<obj< include,4,0.034,2,181,Monocotyledon__class,taxongroup_topic
3769,nmod<obj<nsubj> ...,4,0.024,2,181,Monocotyledon__class,taxongroup_topic
3770,nmod<obj<nsubj> they,4,0.013,1,181,Monocotyledon__class,taxongroup_topic
3771,nmod<obj<obl> ...,4,0.009,1,181,Monocotyledon__class,taxongroup_topic
3773,nmod<obj> ...,4,0.051,3,181,Monocotyledon__class,taxongroup_topic
3774,nmod<obj>nmod> ...,4,0.051,3,181,Monocotyledon__class,taxongroup_topic
3783,nmod<obl> ...,4,0.06,4,181,Monocotyledon__class,taxongroup_topic
3784,nmod<obl>case> ...,4,0.043,3,181,Monocotyledon__class,taxongroup_topic
3785,nmod<obl>case> in,4,0.034,2,181,Monocotyledon__class,taxongroup_topic
3786,nmod> ...,4,0.001,1,181,Monocotyledon__class,taxongroup_topic
3790,nmod>case> in,4,0.006,1,181,Monocotyledon__class,taxongroup_topic
3973,obl< ...,4,0.004,2,181,Monocotyledon__class,taxongroup_topic
3997,obl<advmod> ...,4,0.004,1,181,Monocotyledon__class,taxongroup_topic
4002,obl<aux:pass> be,4,0.004,1,181,Monocotyledon__class,taxongroup_topic
4012,obl<conj> ...,4,0.019,2,181,Monocotyledon__class,taxongroup_topic
4013,obl<conj>advmod> ...,4,0.011,1,181,Monocotyledon__class,taxongroup_topic
4014,obl<conj>amod> ...,4,0.011,1,181,Monocotyledon__class,taxongroup_topic
4016,obl<conj>cc> and,4,0.022,2,181,Monocotyledon__class,taxongroup_topic
4018,obl<conj>obj> plant,4,0.013,1,181,Monocotyledon__class,taxongroup_topic
4019,obl<cop> be,4,0.008,1,181,Monocotyledon__class,taxongroup_topic
4021,obl<mark> as,4,0.013,1,181,Monocotyledon__class,taxongroup_topic
4022,obl<nsubj:pass<obl> ...,4,0.051,3,181,Monocotyledon__class,taxongroup_topic
4023,obl<nsubj:pass> ...,4,0.005,1,181,Monocotyledon__class,taxongroup_topic
4026,obl<nsubj:pass>det> the,4,0.009,1,181,Monocotyledon__class,taxongroup_topic
4027,obl<nsubj> ...,4,0.003,1,181,Monocotyledon__class,taxongroup_topic
4030,obl<nsubj>amod> ...,4,0.009,1,181,Monocotyledon__class,taxongroup_topic
4033,obl<nsubj>det> the,4,0.008,1,181,Monocotyledon__class,taxongroup_topic
4034,obl<nsubj>nmod> ...,4,0.008,1,181,Monocotyledon__class,taxongroup_topic
4038,obl<obl> ...,4,0.033,3,181,Monocotyledon__class,taxongroup_topic
4041,obl<obl>case> ...,4,0.024,2,181,Monocotyledon__class,taxongroup_topic
4042,obl<obl>case> in,4,0.008,1,181,Monocotyledon__class,taxongroup_topic
4065,advmod> ...,5,0.004,4,634,Monocotyledon__class,taxongroup_topic
4067,advmod> not,5,0.002,1,634,Monocotyledon__class,taxongroup_topic
4068,advmod> primarily,5,0.005,2,634,Monocotyledon__class,taxongroup_topic
4069,amod> ...,5,0.005,12,634,Monocotyledon__class,taxongroup_topic
4071,amod> Eurasian,5,0.002,1,634,Monocotyledon__class,taxongroup_topic
4073,amod> dry,5,0.005,2,634,Monocotyledon__class,taxongroup_topic
4074,amod> green,5,0.002,1,634,Monocotyledon__class,taxongroup_topic
4076,amod> perennial,5,0.001,1,634,Monocotyledon__class,taxongroup_topic
4077,amod> titan,5,0.0,1,634,Monocotyledon__class,taxongroup_topic
4078,amod> true,5,0.001,1,634,Monocotyledon__class,taxongroup_topic
4081,amod>advmod> particularly,5,0.002,1,634,Monocotyledon__class,taxongroup_topic
4085,appos< ...,5,-0.002,1,634,Monocotyledon__class,taxongroup_topic
4163,appos> ...,5,-0.003,1,634,Monocotyledon__class,taxongroup_topic
4165,appos> species,5,0.002,1,634,Monocotyledon__class,taxongroup_topic
4171,case> ...,5,-0.002,1,634,Monocotyledon__class,taxongroup_topic
4183,cc> and,5,0.059,23,634,Monocotyledon__class,taxongroup_topic
4184,cc> or,5,0.001,1,634,Monocotyledon__class,taxongroup_topic
4239,compound> ...,5,0.004,9,634,Monocotyledon__class,taxongroup_topic
4243,compound> Narcissus,5,-0.002,1,634,Monocotyledon__class,taxongroup_topic
4247,compound> manatee,5,0.006,2,634,Monocotyledon__class,taxongroup_topic
4248,compound> order,5,-0.0,1,634,Monocotyledon__class,taxongroup_topic
4249,compound> water,5,0.003,2,634,Monocotyledon__class,taxongroup_topic
4252,conj< ...,5,0.089,35,634,Monocotyledon__class,taxongroup_topic
4253,conj< berry,5,0.009,3,634,Monocotyledon__class,taxongroup_topic
4254,conj< forb,5,0.005,2,634,Monocotyledon__class,taxongroup_topic
4257,conj< grass,5,0.015,5,634,Monocotyledon__class,taxongroup_topic
4259,conj< leave,5,0.006,3,634,Monocotyledon__class,taxongroup_topic
4261,conj< plant,5,0.039,14,634,Monocotyledon__class,taxongroup_topic
4262,conj< species,5,0.005,2,634,Monocotyledon__class,taxongroup_topic
4263,conj<acl> flower,5,0.006,2,634,Monocotyledon__class,taxongroup_topic
4264,conj<acl> shoalweed,5,0.006,2,634,Monocotyledon__class,taxongroup_topic
4265,conj<acl>conj> lettuce,5,0.006,2,634,Monocotyledon__class,taxongroup_topic
4266,conj<acl>conj> muskgrass,5,0.006,2,634,Monocotyledon__class,taxongroup_topic
4267,conj<advmod> ...,5,0.017,6,634,Monocotyledon__class,taxongroup_topic
4268,conj<amod> ...,5,0.034,13,634,Monocotyledon__class,taxongroup_topic
4269,conj<amod> different,5,0.006,2,634,Monocotyledon__class,taxongroup_topic
4270,conj<amod> herbaceous,5,0.006,2,634,Monocotyledon__class,taxongroup_topic
4271,conj<amod> perennial,5,0.006,2,634,Monocotyledon__class,taxongroup_topic
4273,conj<amod>advmod> ...,5,0.003,1,634,Monocotyledon__class,taxongroup_topic
4274,conj<amod>advmod> alongside,5,0.006,2,634,Monocotyledon__class,taxongroup_topic
4275,conj<appos< ...,5,0.007,3,634,Monocotyledon__class,taxongroup_topic
4276,conj<appos> ...,5,0.007,3,634,Monocotyledon__class,taxongroup_topic
4278,conj<case> ...,5,0.007,3,634,Monocotyledon__class,taxongroup_topic
4279,conj<case> as,5,0.002,2,634,Monocotyledon__class,taxongroup_topic
4280,conj<case> in,5,0.006,2,634,Monocotyledon__class,taxongroup_topic
4281,conj<case> include,5,0.001,1,634,Monocotyledon__class,taxongroup_topic
4282,conj<case> of,5,0.029,10,634,Monocotyledon__class,taxongroup_topic
4283,conj<case> on,5,0.012,4,634,Monocotyledon__class,taxongroup_topic
4284,conj<case> over,5,0.006,2,634,Monocotyledon__class,taxongroup_topic
4285,conj<case> such,5,0.004,3,634,Monocotyledon__class,taxongroup_topic
4286,conj<case> to,5,0.006,2,634,Monocotyledon__class,taxongroup_topic
4287,conj<case> with,5,0.006,2,634,Monocotyledon__class,taxongroup_topic
4288,conj<case>fixed> as,5,0.004,3,634,Monocotyledon__class,taxongroup_topic
4289,conj<cc> ...,5,0.003,1,634,Monocotyledon__class,taxongroup_topic
4290,conj<cc> and,5,0.006,2,634,Monocotyledon__class,taxongroup_topic
4291,conj<compound> ...,5,0.012,5,634,Monocotyledon__class,taxongroup_topic
4292,conj<compound> cereal,5,0.001,1,634,Monocotyledon__class,taxongroup_topic
4293,conj<compound> freshwater,5,0.006,2,634,Monocotyledon__class,taxongroup_topic
4294,conj<compound> plant,5,0.006,2,634,Monocotyledon__class,taxongroup_topic
4295,conj<compound> saltwater,5,0.006,2,634,Monocotyledon__class,taxongroup_topic
4296,conj<conj< ...,5,0.003,1,634,Monocotyledon__class,taxongroup_topic
4297,conj<conj< herbivore,5,0.006,2,634,Monocotyledon__class,taxongroup_topic
4298,conj<conj<conj> alga,5,0.006,2,634,Monocotyledon__class,taxongroup_topic
4299,conj<conj<conj> eat,5,0.006,2,634,Monocotyledon__class,taxongroup_topic
4300,conj<conj<conj> grass,5,0.012,4,634,Monocotyledon__class,taxongroup_topic
4301,conj<conj<conj> leave,5,0.006,2,634,Monocotyledon__class,taxongroup_topic
4302,conj<conj<nsubj> ...,5,0.003,1,634,Monocotyledon__class,taxongroup_topic
4303,conj<conj<nsubj> Manatee,5,0.006,2,634,Monocotyledon__class,taxongroup_topic
4304,conj<conj> ...,5,0.073,53,634,Monocotyledon__class,taxongroup_topic
4309,conj<conj> grass,5,0.021,9,634,Monocotyledon__class,taxongroup_topic
4311,conj<conj> moss,5,0.003,2,634,Monocotyledon__class,taxongroup_topic
4312,conj<conj> plant,5,0.015,7,634,Monocotyledon__class,taxongroup_topic
4314,conj<conj> sedge,5,0.003,2,634,Monocotyledon__class,taxongroup_topic
4315,conj<conj>advmod> ...,5,0.003,1,634,Monocotyledon__class,taxongroup_topic
4317,conj<conj>advmod> lily,5,0.006,2,634,Monocotyledon__class,taxongroup_topic
4318,conj<conj>amod> ...,5,0.028,12,634,Monocotyledon__class,taxongroup_topic
4322,conj<conj>amod> many,5,0.001,1,634,Monocotyledon__class,taxongroup_topic
4323,conj<conj>amod> other,5,0.013,5,634,Monocotyledon__class,taxongroup_topic
4326,conj<conj>appos> ...,5,0.006,3,634,Monocotyledon__class,taxongroup_topic
4328,conj<conj>appos> orchid,5,0.006,2,634,Monocotyledon__class,taxongroup_topic
4329,conj<conj>case> ...,5,0.004,2,634,Monocotyledon__class,taxongroup_topic
4330,conj<conj>cc> ...,5,0.006,2,634,Monocotyledon__class,taxongroup_topic
4331,conj<conj>cc> and,5,0.064,32,634,Monocotyledon__class,taxongroup_topic
4332,conj<conj>cc> as,5,0.001,1,634,Monocotyledon__class,taxongroup_topic
4333,conj<conj>compound> ...,5,0.025,11,634,Monocotyledon__class,taxongroup_topic
4336,conj<conj>compound> manatee,5,0.006,2,634,Monocotyledon__class,taxongroup_topic
4337,conj<conj>compound> plant,5,0.006,2,634,Monocotyledon__class,taxongroup_topic
4342,conj<conj>conj> ...,5,0.005,3,634,Monocotyledon__class,taxongroup_topic
4345,conj<conj>det> the,5,0.006,2,634,Monocotyledon__class,taxongroup_topic
4348,conj<conj>nmod> ...,5,0.012,4,634,Monocotyledon__class,taxongroup_topic
4349,conj<conj>nummod> ...,5,0.003,1,634,Monocotyledon__class,taxongroup_topic
4351,conj<cop> be,5,0.003,2,634,Monocotyledon__class,taxongroup_topic
4352,conj<det> all,5,0.006,2,634,Monocotyledon__class,taxongroup_topic
4353,conj<det> the,5,0.009,4,634,Monocotyledon__class,taxongroup_topic
4354,conj<nmod< ...,5,0.023,8,634,Monocotyledon__class,taxongroup_topic
4356,conj<nmod< feed,5,0.004,2,634,Monocotyledon__class,taxongroup_topic
4357,conj<nmod< plant,5,0.001,1,634,Monocotyledon__class,taxongroup_topic
4358,conj<nmod< variety,5,0.002,1,634,Monocotyledon__class,taxongroup_topic
4359,conj<nmod<advmod> ...,5,0.009,3,634,Monocotyledon__class,taxongroup_topic
4362,conj<nmod<amod> ...,5,0.005,2,634,Monocotyledon__class,taxongroup_topic
4364,conj<nmod<case> ...,5,0.006,2,634,Monocotyledon__class,taxongroup_topic
4367,conj<nmod<case> from,5,0.006,2,634,Monocotyledon__class,taxongroup_topic
4368,conj<nmod<case> on,5,0.005,2,634,Monocotyledon__class,taxongroup_topic
4369,conj<nmod<conj< ...,5,0.005,2,634,Monocotyledon__class,taxongroup_topic
4370,conj<nmod<conj> ...,5,0.009,3,634,Monocotyledon__class,taxongroup_topic
4374,conj<nmod<det> a,5,0.007,3,634,Monocotyledon__class,taxongroup_topic
4375,conj<nmod<det> the,5,0.001,1,634,Monocotyledon__class,taxongroup_topic
4376,conj<nmod<nmod> ...,5,0.005,2,634,Monocotyledon__class,taxongroup_topic
4379,conj<nmod<nsubj> they,5,0.001,1,634,Monocotyledon__class,taxongroup_topic
4380,conj<nmod<obj< ...,5,0.009,3,634,Monocotyledon__class,taxongroup_topic
4381,conj<nmod<obl< ...,5,0.009,3,634,Monocotyledon__class,taxongroup_topic
4383,conj<nmod<obl> ...,5,0.003,1,634,Monocotyledon__class,taxongroup_topic
4386,conj<nmod> ...,5,0.009,4,634,Monocotyledon__class,taxongroup_topic
4387,conj<nmod> family,5,0.002,1,634,Monocotyledon__class,taxongroup_topic
4388,conj<nmod> flowers,5,0.006,2,634,Monocotyledon__class,taxongroup_topic
4389,conj<nmod> orchid,5,0.006,2,634,Monocotyledon__class,taxongroup_topic
4390,conj<nmod> plant,5,0.009,3,634,Monocotyledon__class,taxongroup_topic
4391,conj<nmod>amod> ...,5,0.002,1,634,Monocotyledon__class,taxongroup_topic
4392,conj<nmod>amod> ornamental,5,0.006,2,634,Monocotyledon__class,taxongroup_topic
4393,conj<nmod>case> ...,5,0.002,1,634,Monocotyledon__class,taxongroup_topic
4394,conj<nmod>case> in,5,0.004,2,634,Monocotyledon__class,taxongroup_topic
4395,conj<nmod>case> include,5,0.009,3,634,Monocotyledon__class,taxongroup_topic
4396,conj<nmod>case> like,5,0.006,2,634,Monocotyledon__class,taxongroup_topic
4397,conj<nmod>case> such,5,0.012,4,634,Monocotyledon__class,taxongroup_topic
4398,conj<nmod>conj> ...,5,0.009,3,634,Monocotyledon__class,taxongroup_topic
4399,conj<nmod>conj> majority,5,0.006,2,634,Monocotyledon__class,taxongroup_topic
4400,conj<nmod>conj> plant,5,0.006,2,634,Monocotyledon__class,taxongroup_topic
4401,conj<nmod>det> the,5,0.001,1,634,Monocotyledon__class,taxongroup_topic
4402,conj<nsubj< ...,5,0.005,2,634,Monocotyledon__class,taxongroup_topic
4403,conj<nsubj< have,5,0.006,2,634,Monocotyledon__class,taxongroup_topic
4404,conj<nsubj<conj> ...,5,0.003,1,634,Monocotyledon__class,taxongroup_topic
4405,conj<nsubj<conj> appear,5,0.006,2,634,Monocotyledon__class,taxongroup_topic
4406,conj<nsubj<cop> be,5,0.005,2,634,Monocotyledon__class,taxongroup_topic
4407,conj<nsubj<det> ...,5,0.003,1,634,Monocotyledon__class,taxongroup_topic
4408,conj<nsubj<det> a,5,0.002,1,634,Monocotyledon__class,taxongroup_topic
4409,conj<nsubj> ...,5,0.007,3,634,Monocotyledon__class,taxongroup_topic
4411,conj<nsubj> these,5,0.006,2,634,Monocotyledon__class,taxongroup_topic
4412,conj<nsubj>amod> ...,5,0.009,3,634,Monocotyledon__class,taxongroup_topic
4413,conj<nummod> ...,5,0.005,2,634,Monocotyledon__class,taxongroup_topic
4414,conj<nummod> 60,5,0.006,2,634,Monocotyledon__class,taxongroup_topic
4415,conj<obj< ...,5,0.007,3,634,Monocotyledon__class,taxongroup_topic
4416,conj<obj< eat,5,0.006,3,634,Monocotyledon__class,taxongroup_topic
4417,conj<obj< include,5,0.028,10,634,Monocotyledon__class,taxongroup_topic
4418,conj<obj< live,5,0.006,2,634,Monocotyledon__class,taxongroup_topic
4419,conj<obj<advmod> ...,5,0.004,2,634,Monocotyledon__class,taxongroup_topic
4420,conj<obj<advmod> Monocot,5,0.006,2,634,Monocotyledon__class,taxongroup_topic
4421,conj<obj<cc> ...,5,0.003,1,634,Monocotyledon__class,taxongroup_topic
4422,conj<obj<cc> but,5,0.002,1,634,Monocotyledon__class,taxongroup_topic
4423,conj<obj<ccomp< ...,5,0.003,1,634,Monocotyledon__class,taxongroup_topic
4424,conj<obj<ccomp< find,5,0.009,3,634,Monocotyledon__class,taxongroup_topic
4425,conj<obj<conj< ...,5,0.005,2,634,Monocotyledon__class,taxongroup_topic
4426,conj<obj<conj> ...,5,0.007,3,634,Monocotyledon__class,taxongroup_topic
4427,conj<obj<conj> mycoheterotroph,5,0.006,2,634,Monocotyledon__class,taxongroup_topic
4428,conj<obj<nsubj> ...,5,0.012,5,634,Monocotyledon__class,taxongroup_topic
4429,conj<obj<nsubj> diversity,5,0.006,2,634,Monocotyledon__class,taxongroup_topic
4430,conj<obj<nsubj> they,5,0.006,2,634,Monocotyledon__class,taxongroup_topic
4431,conj<obj> ...,5,0.005,2,634,Monocotyledon__class,taxongroup_topic
4432,conj<obl< ...,5,0.028,10,634,Monocotyledon__class,taxongroup_topic
4433,conj<obl< feed,5,0.012,4,634,Monocotyledon__class,taxongroup_topic
4434,conj<obl< know,5,0.002,2,634,Monocotyledon__class,taxongroup_topic
4435,conj<obl<advmod> ...,5,0.006,2,634,Monocotyledon__class,taxongroup_topic
4437,conj<obl<aux:pass> be,5,0.013,5,634,Monocotyledon__class,taxongroup_topic
4438,conj<obl<conj< ...,5,0.009,3,634,Monocotyledon__class,taxongroup_topic
4439,conj<obl<conj> ...,5,0.003,1,634,Monocotyledon__class,taxongroup_topic
4441,conj<obl<cop> be,5,0.012,4,634,Monocotyledon__class,taxongroup_topic
4442,conj<obl<nsubj:pass> ...,5,0.005,2,634,Monocotyledon__class,taxongroup_topic
4443,conj<obl<nsubj:pass> manatee,5,0.006,2,634,Monocotyledon__class,taxongroup_topic
4444,conj<obl<nsubj> ...,5,0.015,5,634,Monocotyledon__class,taxongroup_topic
4445,conj<obl<obl> ...,5,0.017,6,634,Monocotyledon__class,taxongroup_topic
4446,conj<obl<obl> consume,5,0.006,2,634,Monocotyledon__class,taxongroup_topic
4447,conj<obl> ...,5,0.01,4,634,Monocotyledon__class,taxongroup_topic
4448,conj<obl>case> ...,5,0.007,3,634,Monocotyledon__class,taxongroup_topic
4449,conj<obl>det> the,5,0.009,3,634,Monocotyledon__class,taxongroup_topic
4451,conj<parataxis> grass,5,0.006,2,634,Monocotyledon__class,taxongroup_topic
4474,cop> be,5,-0.001,1,634,Monocotyledon__class,taxongroup_topic
4479,det> the,5,-0.007,3,634,Monocotyledon__class,taxongroup_topic
4489,nmod< plant,5,-0.001,1,634,Monocotyledon__class,taxongroup_topic
4491,nmod<acl> ...,5,0.001,1,634,Monocotyledon__class,taxongroup_topic
4509,nmod<compound> ...,5,0.001,2,634,Monocotyledon__class,taxongroup_topic
4547,nmod<nmod> ...,5,-0.001,1,634,Monocotyledon__class,taxongroup_topic
4551,nmod<nmod>case> ...,5,0.001,1,634,Monocotyledon__class,taxongroup_topic
4558,nmod<nmod>compound> ...,5,-0.001,1,634,Monocotyledon__class,taxongroup_topic
4560,nmod<nmod>det> a,5,0.001,1,634,Monocotyledon__class,taxongroup_topic
4562,nmod<nmod>nmod> ...,5,0.0,1,634,Monocotyledon__class,taxongroup_topic
4596,nmod> ...,5,-0.002,1,634,Monocotyledon__class,taxongroup_topic
4602,nmod>case> such,5,0.001,1,634,Monocotyledon__class,taxongroup_topic
4605,nmod>case>fixed> as,5,0.001,1,634,Monocotyledon__class,taxongroup_topic
4606,nmod>compound> ...,5,0.0,1,634,Monocotyledon__class,taxongroup_topic
4607,nmod>conj> ...,5,0.001,1,634,Monocotyledon__class,taxongroup_topic
4860,acl:relcl> ...,6,-0.0,1,588,Monocotyledon__class,taxongroup_topic
4862,acl:relcl>nsubj> that,6,0.001,1,588,Monocotyledon__class,taxongroup_topic
4864,acl:relcl>obj> ...,6,0.001,1,588,Monocotyledon__class,taxongroup_topic
4865,acl:relcl>obj>conj> ...,6,0.001,1,588,Monocotyledon__class,taxongroup_topic
4875,advmod> ...,6,0.002,3,588,Monocotyledon__class,taxongroup_topic
4879,amod> ...,6,0.021,17,588,Monocotyledon__class,taxongroup_topic
4882,amod> dead,6,0.01,3,588,Monocotyledon__class,taxongroup_topic
4883,amod> dry,6,0.001,1,588,Monocotyledon__class,taxongroup_topic
4885,amod> leave,6,0.002,1,588,Monocotyledon__class,taxongroup_topic
4886,amod> perennial,6,0.001,1,588,Monocotyledon__class,taxongroup_topic
4889,amod> wild,6,0.003,2,588,Monocotyledon__class,taxongroup_topic
4890,amod>advmod> ...,6,0.002,1,588,Monocotyledon__class,taxongroup_topic
4892,amod>obl> ...,6,0.001,1,588,Monocotyledon__class,taxongroup_topic
4894,amod>obl>case> to,6,0.002,1,588,Monocotyledon__class,taxongroup_topic
4895,appos< ...,6,0.002,5,588,Monocotyledon__class,taxongroup_topic
4897,appos< plant,6,0.001,1,588,Monocotyledon__class,taxongroup_topic
4902,appos<amod> ...,6,0.003,3,588,Monocotyledon__class,taxongroup_topic
4904,appos<appos< ...,6,0.001,1,588,Monocotyledon__class,taxongroup_topic
4905,appos<appos<conj> ...,6,0.008,3,588,Monocotyledon__class,taxongroup_topic
4906,appos<appos> ...,6,0.001,1,588,Monocotyledon__class,taxongroup_topic
4912,appos<case> ...,6,0.002,2,588,Monocotyledon__class,taxongroup_topic
4917,appos<compound> ...,6,0.006,4,588,Monocotyledon__class,taxongroup_topic
4954,appos<det> the,6,0.007,3,588,Monocotyledon__class,taxongroup_topic
4955,appos<flat> ...,6,0.004,2,588,Monocotyledon__class,taxongroup_topic
4959,appos<nmod< ...,6,0.001,1,588,Monocotyledon__class,taxongroup_topic
4960,appos<nmod> ...,6,0.003,2,588,Monocotyledon__class,taxongroup_topic
4961,appos<nmod>amod> ...,6,0.001,1,588,Monocotyledon__class,taxongroup_topic
4962,appos<nmod>case> ...,6,0.001,1,588,Monocotyledon__class,taxongroup_topic
4963,appos<nmod>case> of,6,0.002,1,588,Monocotyledon__class,taxongroup_topic
4964,appos<nsubj< ...,6,0.001,1,588,Monocotyledon__class,taxongroup_topic
4972,appos<obj< ...,6,0.001,1,588,Monocotyledon__class,taxongroup_topic
4973,appos> ...,6,0.003,6,588,Monocotyledon__class,taxongroup_topic
4976,appos>compound> ...,6,0.006,3,588,Monocotyledon__class,taxongroup_topic
4977,appos>conj> ...,6,0.001,1,588,Monocotyledon__class,taxongroup_topic
4980,appos>flat> ...,6,0.012,4,588,Monocotyledon__class,taxongroup_topic
4981,case> ...,6,0.006,5,588,Monocotyledon__class,taxongroup_topic
4982,case> as,6,0.002,3,588,Monocotyledon__class,taxongroup_topic
4983,case> by,6,0.013,4,588,Monocotyledon__class,taxongroup_topic
4984,case> for,6,0.001,1,588,Monocotyledon__class,taxongroup_topic
4985,case> in,6,0.002,3,588,Monocotyledon__class,taxongroup_topic
4986,case> include,6,0.003,2,588,Monocotyledon__class,taxongroup_topic
4987,case> of,6,-0.0,6,588,Monocotyledon__class,taxongroup_topic
4988,case> on,6,0.004,3,588,Monocotyledon__class,taxongroup_topic
4989,case> such,6,0.002,3,588,Monocotyledon__class,taxongroup_topic
4991,case> within,6,0.001,1,588,Monocotyledon__class,taxongroup_topic
4992,case>fixed> as,6,0.002,3,588,Monocotyledon__class,taxongroup_topic
4993,cc> and,6,-0.003,2,588,Monocotyledon__class,taxongroup_topic
5049,compound> ...,6,-0.004,3,588,Monocotyledon__class,taxongroup_topic
5050,compound> Allium,6,-0.001,1,588,Monocotyledon__class,taxongroup_topic
5054,compound> bee,6,0.001,1,588,Monocotyledon__class,taxongroup_topic
5055,compound> family,6,0.002,1,588,Monocotyledon__class,taxongroup_topic
5058,compound> order,6,-0.0,1,588,Monocotyledon__class,taxongroup_topic
5061,compound>compound> ...,6,0.003,2,588,Monocotyledon__class,taxongroup_topic
5062,conj< ...,6,-0.004,3,588,Monocotyledon__class,taxongroup_topic
5088,conj<case> ...,6,0.001,1,588,Monocotyledon__class,taxongroup_topic
5114,conj<conj> ...,6,-0.011,4,588,Monocotyledon__class,taxongroup_topic
5141,conj<conj>cc> and,6,-0.004,1,588,Monocotyledon__class,taxongroup_topic
5161,conj<cop> be,6,0.001,1,588,Monocotyledon__class,taxongroup_topic
5163,conj<det> the,6,0.0,1,588,Monocotyledon__class,taxongroup_topic
5219,conj<nsubj> ...,6,0.001,1,588,Monocotyledon__class,taxongroup_topic
5223,conj<nummod> ...,6,0.001,1,588,Monocotyledon__class,taxongroup_topic
5225,conj<obj< ...,6,0.001,1,588,Monocotyledon__class,taxongroup_topic
5229,conj<obj<advmod> ...,6,0.001,1,588,Monocotyledon__class,taxongroup_topic
5257,conj<obl> ...,6,0.001,1,588,Monocotyledon__class,taxongroup_topic
5258,conj<obl>case> ...,6,0.001,1,588,Monocotyledon__class,taxongroup_topic
5262,conj> ...,6,0.173,59,588,Monocotyledon__class,taxongroup_topic
5263,conj> forb,6,0.001,1,588,Monocotyledon__class,taxongroup_topic
5264,conj> garlic,6,0.013,4,588,Monocotyledon__class,taxongroup_topic
5265,conj> grass,6,0.01,3,588,Monocotyledon__class,taxongroup_topic
5266,conj> herb,6,0.007,2,588,Monocotyledon__class,taxongroup_topic
5267,conj> leave,6,0.007,2,588,Monocotyledon__class,taxongroup_topic
5268,conj> leek,6,0.007,2,588,Monocotyledon__class,taxongroup_topic
5269,conj> lichen,6,0.01,3,588,Monocotyledon__class,taxongroup_topic
5270,conj> plant,6,0.038,13,588,Monocotyledon__class,taxongroup_topic
5271,conj> sedge,6,0.013,8,588,Monocotyledon__class,taxongroup_topic
5272,conj> tuber,6,0.007,2,588,Monocotyledon__class,taxongroup_topic
5273,conj>amod> ...,6,0.052,16,588,Monocotyledon__class,taxongroup_topic
5274,conj>amod> aquatic,6,0.002,1,588,Monocotyledon__class,taxongroup_topic
5275,conj>amod> herbaceous,6,0.01,3,588,Monocotyledon__class,taxongroup_topic
5276,conj>amod> other,6,0.019,7,588,Monocotyledon__class,taxongroup_topic
5277,conj>amod> tough,6,0.01,3,588,Monocotyledon__class,taxongroup_topic
5278,conj>cc> and,6,0.089,37,588,Monocotyledon__class,taxongroup_topic
5279,conj>cc> or,6,0.02,7,588,Monocotyledon__class,taxongroup_topic
5280,conj>compound> ...,6,0.017,6,588,Monocotyledon__class,taxongroup_topic
5281,conj>compound> plant,6,0.004,2,588,Monocotyledon__class,taxongroup_topic
5282,conj>nmod> ...,6,0.004,2,588,Monocotyledon__class,taxongroup_topic
5283,conj>nmod>case> ...,6,0.004,2,588,Monocotyledon__class,taxongroup_topic
5284,cop> be,6,0.001,2,588,Monocotyledon__class,taxongroup_topic
5286,det> a,6,0.001,1,588,Monocotyledon__class,taxongroup_topic
5289,det> the,6,-0.003,10,588,Monocotyledon__class,taxongroup_topic
5290,flat< ...,6,0.001,1,588,Monocotyledon__class,taxongroup_topic
5291,flat<appos<amod> ...,6,0.013,4,588,Monocotyledon__class,taxongroup_topic
5294,nmod:poss> ...,6,0.005,2,588,Monocotyledon__class,taxongroup_topic
5295,nmod:poss>case> 's,6,0.005,2,588,Monocotyledon__class,taxongroup_topic
5296,nmod< ...,6,-0.002,6,588,Monocotyledon__class,taxongroup_topic
5299,nmod< plant,6,0.0,2,588,Monocotyledon__class,taxongroup_topic
5303,nmod<amod> ...,6,-0.001,3,588,Monocotyledon__class,taxongroup_topic
5311,nmod<case> for,6,0.002,1,588,Monocotyledon__class,taxongroup_topic
5314,nmod<case> of,6,0.003,2,588,Monocotyledon__class,taxongroup_topic
5316,nmod<case> with,6,0.002,1,588,Monocotyledon__class,taxongroup_topic
5341,nmod<cop> be,6,0.0,1,588,Monocotyledon__class,taxongroup_topic
5343,nmod<det> a,6,0.003,2,588,Monocotyledon__class,taxongroup_topic
5345,nmod<nmod< ...,6,0.001,2,588,Monocotyledon__class,taxongroup_topic
5346,nmod<nmod< family,6,0.002,1,588,Monocotyledon__class,taxongroup_topic
5347,nmod<nmod<amod> ...,6,0.001,1,588,Monocotyledon__class,taxongroup_topic
5350,nmod<nmod<cop> be,6,0.001,1,588,Monocotyledon__class,taxongroup_topic
5352,nmod<nmod<det> a,6,0.002,1,588,Monocotyledon__class,taxongroup_topic
5355,nmod<nmod<nsubj> ...,6,0.001,1,588,Monocotyledon__class,taxongroup_topic
5356,nmod<nmod<obj< ...,6,0.005,2,588,Monocotyledon__class,taxongroup_topic
5357,nmod<nmod> ...,6,-0.001,1,588,Monocotyledon__class,taxongroup_topic
5360,nmod<nmod>amod> ...,6,-0.0,1,588,Monocotyledon__class,taxongroup_topic
5367,nmod<nmod>case> with,6,0.002,1,588,Monocotyledon__class,taxongroup_topic
5370,nmod<nmod>det> a,6,0.001,1,588,Monocotyledon__class,taxongroup_topic
5372,nmod<nmod>nmod> ...,6,0.001,1,588,Monocotyledon__class,taxongroup_topic
5374,nmod<nsubj:pass< ...,6,0.001,1,588,Monocotyledon__class,taxongroup_topic
5375,nmod<nsubj:pass<aux:pass> be,6,0.001,1,588,Monocotyledon__class,taxongroup_topic
5377,nmod<nsubj> ...,6,0.001,1,588,Monocotyledon__class,taxongroup_topic
5378,nmod<nsubj>det> the,6,0.001,1,588,Monocotyledon__class,taxongroup_topic
5380,nmod<obj< ...,6,-0.001,1,588,Monocotyledon__class,taxongroup_topic
5385,nmod<obj<advcl< ...,6,0.001,1,588,Monocotyledon__class,taxongroup_topic
5388,nmod<obj<mark> to,6,0.001,1,588,Monocotyledon__class,taxongroup_topic
5395,nmod<obl< ...,6,-0.001,1,588,Monocotyledon__class,taxongroup_topic
5403,nmod<obl> ...,6,0.0,1,588,Monocotyledon__class,taxongroup_topic
5404,nmod<obl>case> ...,6,0.001,1,588,Monocotyledon__class,taxongroup_topic
5406,nmod> ...,6,0.005,5,588,Monocotyledon__class,taxongroup_topic
5407,nmod> prairy,6,0.002,1,588,Monocotyledon__class,taxongroup_topic
5408,nmod>amod> ...,6,0.003,2,588,Monocotyledon__class,taxongroup_topic
5409,nmod>case> ...,6,0.003,2,588,Monocotyledon__class,taxongroup_topic
5410,nmod>case> in,6,0.002,2,588,Monocotyledon__class,taxongroup_topic
5412,nmod>case> such,6,0.001,1,588,Monocotyledon__class,taxongroup_topic
5413,nmod>case> with,6,0.002,1,588,Monocotyledon__class,taxongroup_topic
5414,nmod>case>fixed> ...,6,0.003,1,588,Monocotyledon__class,taxongroup_topic
5415,nmod>case>fixed> as,6,0.001,1,588,Monocotyledon__class,taxongroup_topic
5418,nmod>det> the,6,0.001,1,588,Monocotyledon__class,taxongroup_topic
5419,nmod>nmod> ...,6,0.005,2,588,Monocotyledon__class,taxongroup_topic
5421,nmod>nmod>case> of,6,0.007,2,588,Monocotyledon__class,taxongroup_topic
5422,nsubj:pass< ...,6,-0.0,1,588,Monocotyledon__class,taxongroup_topic
5428,nsubj:pass<advmod> ...,6,0.001,1,588,Monocotyledon__class,taxongroup_topic
5429,nsubj:pass<aux:pass> be,6,-0.001,1,588,Monocotyledon__class,taxongroup_topic
5430,nsubj:pass<obl> ...,6,-0.001,1,588,Monocotyledon__class,taxongroup_topic
5436,nsubj:pass<obl>case> in,6,0.002,1,588,Monocotyledon__class,taxongroup_topic
5534,nsubj> ...,6,0.0,1,588,Monocotyledon__class,taxongroup_topic
5536,nsubj>acl>obl> ...,6,0.005,2,588,Monocotyledon__class,taxongroup_topic
5538,nsubj>conj> ...,6,0.005,2,588,Monocotyledon__class,taxongroup_topic
5542,obj< ...,6,0.015,8,588,Monocotyledon__class,taxongroup_topic
5543,obj< eat,6,0.005,3,588,Monocotyledon__class,taxongroup_topic
5544,obj< grind,6,0.002,1,588,Monocotyledon__class,taxongroup_topic
5545,obj< include,6,0.008,3,588,Monocotyledon__class,taxongroup_topic
5547,obj<acl< ...,6,0.004,2,588,Monocotyledon__class,taxongroup_topic
5549,obj<acl<det> the,6,0.002,1,588,Monocotyledon__class,taxongroup_topic
5550,obj<advcl< ...,6,0.008,4,588,Monocotyledon__class,taxongroup_topic
5551,obj<advcl<advmod> ...,6,0.0,1,588,Monocotyledon__class,taxongroup_topic
5552,obj<advcl<cop> be,6,0.007,3,588,Monocotyledon__class,taxongroup_topic
5553,obj<advcl<nsubj> ...,6,0.005,3,588,Monocotyledon__class,taxongroup_topic
5554,obj<advcl> ...,6,0.001,1,588,Monocotyledon__class,taxongroup_topic
5555,obj<advcl>mark> ...,6,0.001,1,588,Monocotyledon__class,taxongroup_topic
5556,obj<advmod> ...,6,0.007,3,588,Monocotyledon__class,taxongroup_topic
5557,obj<advmod> also,6,0.002,1,588,Monocotyledon__class,taxongroup_topic
5558,obj<advmod> mainly,6,0.002,1,588,Monocotyledon__class,taxongroup_topic
5562,obj<aux> will,6,0.007,2,588,Monocotyledon__class,taxongroup_topic
5563,obj<cc> ...,6,0.003,1,588,Monocotyledon__class,taxongroup_topic
5564,obj<cc> and,6,0.008,3,588,Monocotyledon__class,taxongroup_topic
5565,obj<conj< ...,6,0.012,4,588,Monocotyledon__class,taxongroup_topic
5566,obj<conj<nsubj> ...,6,0.012,4,588,Monocotyledon__class,taxongroup_topic
5567,obj<conj<obj> ...,6,0.005,2,588,Monocotyledon__class,taxongroup_topic
5568,obj<conj> ...,6,0.002,2,588,Monocotyledon__class,taxongroup_topic
5571,obj<conj>cc> and,6,0.007,2,588,Monocotyledon__class,taxongroup_topic
5573,obj<conj>obj> ...,6,0.001,1,588,Monocotyledon__class,taxongroup_topic
5575,obj<conj>obl> ...,6,0.001,1,588,Monocotyledon__class,taxongroup_topic
5577,obj<mark> ...,6,0.001,1,588,Monocotyledon__class,taxongroup_topic
5578,obj<mark> to,6,0.002,1,588,Monocotyledon__class,taxongroup_topic
5579,obj<nsubj> ...,6,0.001,2,588,Monocotyledon__class,taxongroup_topic
5581,obj<nsubj> they,6,0.003,2,588,Monocotyledon__class,taxongroup_topic
5583,obj<nsubj>amod> other,6,0.002,1,588,Monocotyledon__class,taxongroup_topic
5584,obj<nsubj>compound> ...,6,0.001,1,588,Monocotyledon__class,taxongroup_topic
5593,obl< ...,6,0.017,11,588,Monocotyledon__class,taxongroup_topic
5594,obl< consist,6,0.002,1,588,Monocotyledon__class,taxongroup_topic
5595,obl< dominate,6,0.007,2,588,Monocotyledon__class,taxongroup_topic
5596,obl< feed,6,0.003,2,588,Monocotyledon__class,taxongroup_topic
5597,obl< graze,6,0.003,2,588,Monocotyledon__class,taxongroup_topic
5598,obl< know,6,0.001,1,588,Monocotyledon__class,taxongroup_topic
5599,obl< make,6,0.002,1,588,Monocotyledon__class,taxongroup_topic
5600,obl< refer,6,0.001,1,588,Monocotyledon__class,taxongroup_topic
5603,obl<acl< ...,6,0.01,5,588,Monocotyledon__class,taxongroup_topic
5605,obl<acl<amod> ...,6,0.005,2,588,Monocotyledon__class,taxongroup_topic
5606,obl<acl<case> ...,6,0.001,1,588,Monocotyledon__class,taxongroup_topic
5607,obl<acl<conj> ...,6,0.001,1,588,Monocotyledon__class,taxongroup_topic
5608,obl<acl<nmod< ...,6,0.001,1,588,Monocotyledon__class,taxongroup_topic
5609,obl<acl<nsubj> ...,6,0.005,2,588,Monocotyledon__class,taxongroup_topic
5610,obl<advcl< ...,6,0.005,2,588,Monocotyledon__class,taxongroup_topic
5612,obl<advcl<cop> be,6,0.001,1,588,Monocotyledon__class,taxongroup_topic
5614,obl<advcl> ...,6,0.001,1,588,Monocotyledon__class,taxongroup_topic
5617,obl<advmod> ...,6,-0.001,1,588,Monocotyledon__class,taxongroup_topic
5619,obl<advmod> mainly,6,0.001,1,588,Monocotyledon__class,taxongroup_topic
5620,obl<amod< ...,6,0.001,1,588,Monocotyledon__class,taxongroup_topic
5621,obl<appos> ...,6,0.001,1,588,Monocotyledon__class,taxongroup_topic
5622,obl<aux:pass> be,6,0.01,5,588,Monocotyledon__class,taxongroup_topic
5625,obl<cc> ...,6,0.003,1,588,Monocotyledon__class,taxongroup_topic
5626,obl<cc> and,6,0.008,3,588,Monocotyledon__class,taxongroup_topic
5627,obl<conj< ...,6,0.015,5,588,Monocotyledon__class,taxongroup_topic
5628,obl<conj<conj> ...,6,0.016,5,588,Monocotyledon__class,taxongroup_topic
5629,obl<conj<cop> be,6,0.012,4,588,Monocotyledon__class,taxongroup_topic
5630,obl<conj<nsubj> ...,6,0.013,4,588,Monocotyledon__class,taxongroup_topic
5631,obl<conj<nsubj> nest,6,0.002,1,588,Monocotyledon__class,taxongroup_topic
5632,obl<conj> ...,6,0.002,2,588,Monocotyledon__class,taxongroup_topic
5634,obl<conj>amod> ...,6,0.001,1,588,Monocotyledon__class,taxongroup_topic
5636,obl<conj>cc> and,6,0.0,1,588,Monocotyledon__class,taxongroup_topic
5637,obl<conj>obj> ...,6,0.002,1,588,Monocotyledon__class,taxongroup_topic
5640,obl<mark> ...,6,0.01,3,588,Monocotyledon__class,taxongroup_topic
5641,obl<mark> as,6,0.002,1,588,Monocotyledon__class,taxongroup_topic
5643,obl<nsubj:pass> ...,6,0.008,4,588,Monocotyledon__class,taxongroup_topic
5645,obl<nsubj:pass>det> ...,6,0.003,1,588,Monocotyledon__class,taxongroup_topic
5647,obl<nsubj> ...,6,0.002,3,588,Monocotyledon__class,taxongroup_topic
5648,obl<nsubj> diet,6,0.002,1,588,Monocotyledon__class,taxongroup_topic
5651,obl<nsubj>compound> ...,6,0.001,1,588,Monocotyledon__class,taxongroup_topic
5652,obl<nsubj>det> ...,6,0.002,1,588,Monocotyledon__class,taxongroup_topic
5654,obl<nsubj>nmod> ...,6,0.003,2,588,Monocotyledon__class,taxongroup_topic
5655,obl<obj> ...,6,0.005,2,588,Monocotyledon__class,taxongroup_topic
5656,obl<obj> plant,6,0.001,1,588,Monocotyledon__class,taxongroup_topic
5657,obl<obj>det> ...,6,0.001,1,588,Monocotyledon__class,taxongroup_topic
5658,obl<obl> ...,6,-0.0,1,588,Monocotyledon__class,taxongroup_topic
5659,obl<obl> to,6,0.001,1,588,Monocotyledon__class,taxongroup_topic
5662,obl<obl>case> in,6,0.001,1,588,Monocotyledon__class,taxongroup_topic
5705,appos< ...,7,0.122,3,52,Monocotyledon__class,taxongroup_topic
5724,appos<cc> ...,7,0.062,1,52,Monocotyledon__class,taxongroup_topic
5725,appos<cc> and,7,0.152,2,52,Monocotyledon__class,taxongroup_topic
5727,appos<compound> ...,7,0.038,1,52,Monocotyledon__class,taxongroup_topic
5730,appos<conj< grain,7,0.251,3,52,Monocotyledon__class,taxongroup_topic
5734,appos<conj<amod> major,7,0.251,3,52,Monocotyledon__class,taxongroup_topic
5736,appos<conj<appos> maize,7,0.251,3,52,Monocotyledon__class,taxongroup_topic
5738,appos<conj<compound> cereal,7,0.251,3,52,Monocotyledon__class,taxongroup_topic
5740,appos<conj<conj> banana,7,0.234,3,52,Monocotyledon__class,taxongroup_topic
5741,appos<conj<conj> bromeliad,7,0.167,2,52,Monocotyledon__class,taxongroup_topic
5742,appos<conj<conj> emergent,7,0.167,2,52,Monocotyledon__class,taxongroup_topic
5743,appos<conj<conj> ginger,7,0.234,3,52,Monocotyledon__class,taxongroup_topic
5744,appos<conj<conj> grass,7,0.167,2,52,Monocotyledon__class,taxongroup_topic
5747,appos<conj<conj> reed,7,0.251,3,52,Monocotyledon__class,taxongroup_topic
5748,appos<conj<conj> tree,7,0.251,3,52,Monocotyledon__class,taxongroup_topic
5750,appos<conj<list< include,7,0.251,3,52,Monocotyledon__class,taxongroup_topic
5751,appos<conj<nmod> family,7,0.251,3,52,Monocotyledon__class,taxongroup_topic
5752,appos<conj<nmod> monocot,7,0.251,3,52,Monocotyledon__class,taxongroup_topic
5757,appos<conj> ...,7,0.125,2,52,Monocotyledon__class,taxongroup_topic
5759,appos<conj>cc> ...,7,0.07,1,52,Monocotyledon__class,taxongroup_topic
5760,appos<conj>cc> and,7,0.053,1,52,Monocotyledon__class,taxongroup_topic
5763,appos<det> ...,7,0.07,1,52,Monocotyledon__class,taxongroup_topic
6072,conj> ...,7,0.001,1,52,Monocotyledon__class,taxongroup_topic
