,token,token_form,concept_uri,arcpath,lemma,upos,widx,feat,elongation_x,elongation_y,group,relrole,comp_id,N_tokens
2,Pre-0725_37_plant-7,plant,Plant#kingdom,case>,like,ADP,4,case> like,0.5430693704695054,0.28628988777163517,Dicotyledon__class,taxongroup_comment,1,33
8,Ven-77c9_4_Droseraceae-28,Droseraceae,Droseraceae#family,case>,to,ADP,25,case> to,0.4280895769365368,0.20632240295158114,Dicotyledon__class,taxongroup_comment,1,33
6,Nepc012_8_plants-27,plants,Plant#kingdom,case>,include,VERB,15,case> include,0.4570157970582299,0.26567290327828585,Dicotyledon__class,taxongroup_comment,1,33
7,Nep-5975_2_plants-16,plants,Plant#kingdom,case>,as,ADP,13,case> as,0.5683444042639539,0.34737562375582304,Dicotyledon__class,taxongroup_comment,1,33
2,Que-fbc5_2_family-19,family,Fagaceae#family,nmod<obj<,flower,VERB,12,nmod<obj< flower,0.39300736608416603,0.19703388235863886,Dicotyledon__class,taxongroup_comment,1,33
4,Que-fbc5_2_family-19,family,Fagaceae#family,case>,in,ADP,14,case> in,0.47097718090901564,0.15630119862767516,Dicotyledon__class,taxongroup_comment,1,33
5,Cra-2aca_57_plant-9,plant,Plant#kingdom,case>,as,ADP,6,case> as,0.5683444042639539,0.34737562375582304,Dicotyledon__class,taxongroup_comment,1,33
8,Cra-0896_86_plant-12,plant,Plant#kingdom,case>,as,ADP,9,case> as,0.5683444042639539,0.34737562375582304,Dicotyledon__class,taxongroup_comment,1,33
7,Bea-3c60_101_plants-32,plants,Plant#kingdom,case>,like,ADP,31,case> like,0.5430693704695054,0.28628988777163517,Dicotyledon__class,taxongroup_comment,1,33
0,Dro-82dc_17_plants-3,plants,Plant#kingdom,case>,like,ADP,1,case> like,0.5430693704695054,0.28628988777163517,Dicotyledon__class,taxongroup_comment,1,33
13,Hem-78f3_191_plant-29,plant,Plant#kingdom,case>,from,ADP,26,case> from,0.5097421313417201,0.19141328278291503,Dicotyledon__class,taxongroup_comment,1,33
5,Mag-8f64_13_plants-23,plants,Plant#kingdom,case>,to,ADP,20,case> to,0.4280895769365368,0.20632240295158114,Dicotyledon__class,taxongroup_comment,1,33
9,Mag-8f64_16_plants-18,plants,Plant#kingdom,case>,for,ADP,15,case> for,0.508019861072324,0.31155176541615,Dicotyledon__class,taxongroup_comment,1,33
6,Nep-5975_202_plants-35,plants,Plant#kingdom,case>,to,ADP,33,case> to,0.4280895769365368,0.20632240295158114,Dicotyledon__class,taxongroup_comment,1,33
7,Tar-a465_11_plant-28,plant,Plant#kingdom,case>,to,ADP,25,case> to,0.4280895769365368,0.20632240295158114,Dicotyledon__class,taxongroup_comment,1,33
5,Dro1c12_3_plants-9,plants,Plant#kingdom,case>,of,ADP,8,case> of,0.5166326703268933,0.2018968289053099,Dicotyledon__class,taxongroup_comment,1,33
5,Gal-cdcd_68_plant-23,plant,Plant#kingdom,nsubj<aux>,have,AUX,24,nsubj<aux> have,-0.5191708303121662,0.026239593038118236,Dicotyledon__class,taxongroup_comment,1,33
6,Fag-261e_30_Fagaceae-18,Fagaceae,Fagaceae#family,case>,in,ADP,16,case> in,0.47097718090901564,0.15630119862767516,Dicotyledon__class,taxongroup_comment,1,33
5,Fag-34e5_3_Fagus-8,Fagus,Beech#genus,case>,from,ADP,6,case> from,0.5097421313417201,0.19141328278291503,Dicotyledon__class,taxongroup_comment,1,33
5,Bla-30a4_131_plant-44,plant,Plant#kingdom,case>,of,ADP,42,case> of,0.5166326703268933,0.2018968289053099,Dicotyledon__class,taxongroup_comment,1,33
2,Mon-1726_194_plants-50,plants,Plant#kingdom,nmod<obj<,trace,VERB,44,nmod<obj< ...,0.35360663326810116,0.20911334936232262,Dicotyledon__class,taxongroup_comment,1,33
5,Mon-1726_194_plants-50,plants,Plant#kingdom,case>,of,ADP,47,case> of,0.5166326703268933,0.2018968289053099,Dicotyledon__class,taxongroup_comment,1,33
15,Mon-1726_165_angiosperms-33,angiosperms,Flowering_plant#phylum,case>,within,ADP,31,case> ...,0.3501871382426675,0.10965364430401243,Dicotyledon__class,taxongroup_comment,1,33
2,Cra-0896_35_Crataegus-17,Crataegus,Crataegus#genus,case>,include,VERB,4,case> include,0.4570157970582299,0.26567290327828585,Dicotyledon__class,taxongroup_comment,1,33
0,Man-d37a_91_plants-3,plants,Plant#kingdom,case>,unlike,ADP,1,case> ...,0.3919333879126159,0.2567370319487114,Dicotyledon__class,taxongroup_comment,1,33
4,Rhic7ca_8_plant-11,plant,Plant#kingdom,case>,whilst,SCONJ,7,case> ...,0.4248721489429539,0.3142789706483826,Dicotyledon__class,taxongroup_comment,1,33
6,Rhic7ca_8_plant-11,plant,Plant#kingdom,case>,on,ADP,9,case> on,0.5246011355486273,0.21593229397380861,Dicotyledon__class,taxongroup_comment,1,33
12,Man-d37a_175_plant-41,plant,Plant#kingdom,case>,of,ADP,39,case> of,0.5166326703268933,0.2018968289053099,Dicotyledon__class,taxongroup_comment,1,33
1,Man-d37a_133_plant-5,plant,Plant#kingdom,case>,for,ADP,3,case> for,0.508019861072324,0.31155176541615,Dicotyledon__class,taxongroup_comment,1,33
7,Rhi-d0e0_55_Rhizophoraceae-18,Rhizophoraceae,Rhizophoraceae#family,case>,of,ADP,17,case> of,0.5166326703268933,0.2018968289053099,Dicotyledon__class,taxongroup_comment,1,33
3,Fag0008_5_plants-13,plants,Plant#kingdom,nmod<obj<,make,VERB,7,nmod<obj< make,0.5285524284745228,0.33680017883030183,Dicotyledon__class,taxongroup_comment,1,33
7,Fag0008_5_plants-13,plants,Plant#kingdom,case>,of,SCONJ,11,case> of,0.5166326703268933,0.2018968289053099,Dicotyledon__class,taxongroup_comment,1,33
0,Rho-d4a0_271_plants-4,plants,Plant#kingdom,case>,like,ADP,1,case> like,0.5430693704695054,0.28628988777163517,Dicotyledon__class,taxongroup_comment,1,33
12,Rho-d4a0_536_plants-32,plants,Plant#kingdom,case>,for,ADP,30,case> for,0.508019861072324,0.31155176541615,Dicotyledon__class,taxongroup_comment,1,33
1,Des-000c_286_plants-18,plants,Plant#kingdom,nmod<obj<,provide,VERB,14,nmod<obj< ...,0.47525513855895696,0.2767123860096161,Dicotyledon__class,taxongroup_comment,1,33
3,Des-000c_286_plants-18,plants,Plant#kingdom,case>,for,ADP,16,case> for,0.508019861072324,0.31155176541615,Dicotyledon__class,taxongroup_comment,1,33
4,Ven-77c9_45_plant-24,plant,Plant#kingdom,case>,'s,PART,25,case> 's,0.3972867804252293,0.2843984503340152,Dicotyledon__class,taxongroup_comment,1,33
4,Dro-4d9f_79_plants-11,plants,Plant#kingdom,case>,with,ADP,7,case> ...,0.4425961261364872,0.21696499071653869,Dicotyledon__class,taxongroup_comment,1,33
3,Ros-4632_109_roses-48,roses,Rosaceae#family,conj<,apple,NOUN,19,conj< apple,0.1990329192634316,-0.04767353386634966,Dicotyledon__class,taxongroup_comment,7,68
0,Ace-0af3_132_Acer-1,Acer,Maple#genus,compound<,pseudoplatanus,NOUN,2,compound< pseudoplatanus,0.08309143423060142,0.23935379175776855,Dicotyledon__class,taxongroup_comment,7,68
0,Ace-0af3_62_Acer-1,Acer,Maple#genus,compound<,pseudoplatanus,NOUN,2,compound< pseudoplatanus,0.08309143423060142,0.23935379175776855,Dicotyledon__class,taxongroup_comment,7,68
0,Ace-0af3_48_Acer-1,Acer,Maple#genus,compound<,pseudoplatanus,NOUN,2,compound< pseudoplatanus,0.08309143423060142,0.23935379175776855,Dicotyledon__class,taxongroup_comment,7,68
0,Ace-0af3_174_Acer-1,Acer,Maple#genus,compound<,pseudoplatanus,NOUN,2,compound< pseudoplatanus,0.08309143423060142,0.23935379175776855,Dicotyledon__class,taxongroup_comment,7,68
0,Ace-0af3_115_Acer-1,Acer,Maple#genus,compound<,pseudoplatanus,NOUN,2,compound< pseudoplatanus,0.08309143423060142,0.23935379175776855,Dicotyledon__class,taxongroup_comment,7,68
0,Ace-0af3_165_Acer-16,Acer,Maple#genus,compound<,pseudoplatanus,NOUN,17,compound< pseudoplatanus,0.08309143423060142,0.23935379175776855,Dicotyledon__class,taxongroup_comment,7,68
0,Ace-0af3_169_Acer-1,Acer,Maple#genus,compound<,pseudoplatanus,NOUN,2,compound< pseudoplatanus,0.08309143423060142,0.23935379175776855,Dicotyledon__class,taxongroup_comment,7,68
0,Ace-0af3_196_Acer-2,Acer,Maple#genus,compound<,pseudoplatanus,NOUN,3,compound< pseudoplatanus,0.08309143423060142,0.23935379175776855,Dicotyledon__class,taxongroup_comment,7,68
0,Ace-0af3_19_Acer-1,Acer,Maple#genus,compound<,pseudoplatanus,NOUN,2,compound< pseudoplatanus,0.08309143423060142,0.23935379175776855,Dicotyledon__class,taxongroup_comment,7,68
0,Ace-0af3_1_Acer-1,Acer,Maple#genus,compound<,pseudoplatanus,NOUN,2,compound< pseudoplatanus,0.08309143423060142,0.23935379175776855,Dicotyledon__class,taxongroup_comment,7,68
0,Ace-0af3_190_Acer-1,Acer,Maple#genus,compound<,pseudoplatanus,NOUN,2,compound< pseudoplatanus,0.08309143423060142,0.23935379175776855,Dicotyledon__class,taxongroup_comment,7,68
0,Ace-0af3_161_Acer-1,Acer,Maple#genus,compound<,pseudoplatanus,NOUN,2,compound< pseudoplatanus,0.08309143423060142,0.23935379175776855,Dicotyledon__class,taxongroup_comment,7,68
0,Ace-0af3_85_Acer-1,Acer,Maple#genus,compound<,pseudoplatanus,NOUN,2,compound< pseudoplatanus,0.08309143423060142,0.23935379175776855,Dicotyledon__class,taxongroup_comment,7,68
0,Ace-0af3_117_Acer-1,Acer,Maple#genus,compound<,pseudoplatanus,NOUN,2,compound< pseudoplatanus,0.08309143423060142,0.23935379175776855,Dicotyledon__class,taxongroup_comment,7,68
0,Ace-0af3_154_Acer-1,Acer,Maple#genus,compound<,pseudoplatanus,NOUN,2,compound< pseudoplatanus,0.08309143423060142,0.23935379175776855,Dicotyledon__class,taxongroup_comment,7,68
0,Ace-0af3_30_Acer-1,Acer,Maple#genus,compound<,pseudoplatanus,NOUN,2,compound< pseudoplatanus,0.08309143423060142,0.23935379175776855,Dicotyledon__class,taxongroup_comment,7,68
0,Ace-0af3_192_Acer-1,Acer,Maple#genus,compound<,pseudoplatanus,NOUN,2,compound< pseudoplatanus,0.08309143423060142,0.23935379175776855,Dicotyledon__class,taxongroup_comment,7,68
0,Ace-0af3_152_Acer-1,Acer,Maple#genus,compound<,pseudoplatanus,NOUN,2,compound< pseudoplatanus,0.08309143423060142,0.23935379175776855,Dicotyledon__class,taxongroup_comment,7,68
0,Ace-0af3_182_Acer-1,Acer,Maple#genus,compound<,pseudoplatanus,NOUN,2,compound< pseudoplatanus,0.08309143423060142,0.23935379175776855,Dicotyledon__class,taxongroup_comment,7,68
0,Cra-2aca_74_Crataegus-1,Crataegus,Crataegus#genus,compound<,monogyna,NOUN,2,compound< monogyna,0.08502398476743758,0.20401983923459246,Dicotyledon__class,taxongroup_comment,7,68
0,Cra-2aca_10_Crataegus-1,Crataegus,Crataegus#genus,compound<,monogyna,NOUN,2,compound< monogyna,0.08502398476743758,0.20401983923459246,Dicotyledon__class,taxongroup_comment,7,68
0,Cra-2aca_1_Crataegus-1,Crataegus,Crataegus#genus,compound<,monogyna,NOUN,2,compound< monogyna,0.08502398476743758,0.20401983923459246,Dicotyledon__class,taxongroup_comment,7,68
0,Cra-2aca_23_Crataegus-1,Crataegus,Crataegus#genus,compound<,monogyna,NOUN,2,compound< monogyna,0.08502398476743758,0.20401983923459246,Dicotyledon__class,taxongroup_comment,7,68
0,Cra-2aca_88_Crataegus-1,Crataegus,Crataegus#genus,compound<,monogyna,NOUN,2,compound< monogyna,0.08502398476743758,0.20401983923459246,Dicotyledon__class,taxongroup_comment,7,68
0,Cra-2aca_55_Crataegus-1,Crataegus,Crataegus#genus,compound<,monogyna,NOUN,2,compound< monogyna,0.08502398476743758,0.20401983923459246,Dicotyledon__class,taxongroup_comment,7,68
0,Cra-2aca_49_Crataegus-1,Crataegus,Crataegus#genus,compound<,monogyna,NOUN,2,compound< monogyna,0.08502398476743758,0.20401983923459246,Dicotyledon__class,taxongroup_comment,7,68
0,Cra-2aca_28_Crataegus-1,Crataegus,Crataegus#genus,compound<,monogyna,NOUN,2,compound< monogyna,0.08502398476743758,0.20401983923459246,Dicotyledon__class,taxongroup_comment,7,68
0,Cra-2aca_33_Crataegus-1,Crataegus,Crataegus#genus,compound<,monogyna,NOUN,2,compound< monogyna,0.08502398476743758,0.20401983923459246,Dicotyledon__class,taxongroup_comment,7,68
0,Cra-2aca_92_Crataegus-1,Crataegus,Crataegus#genus,compound<,monogyna,NOUN,2,compound< monogyna,0.08502398476743758,0.20401983923459246,Dicotyledon__class,taxongroup_comment,7,68
0,Cra-2aca_94_Crataegus-1,Crataegus,Crataegus#genus,compound<,monogyna,NOUN,2,compound< monogyna,0.08502398476743758,0.20401983923459246,Dicotyledon__class,taxongroup_comment,7,68
0,Cra-2aca_64_Crataegus-1,Crataegus,Crataegus#genus,compound<,monogyna,NOUN,2,compound< monogyna,0.08502398476743758,0.20401983923459246,Dicotyledon__class,taxongroup_comment,7,68
0,Cra-2aca_4_Crataegus-1,Crataegus,Crataegus#genus,compound<,monogyna,NOUN,2,compound< monogyna,0.08502398476743758,0.20401983923459246,Dicotyledon__class,taxongroup_comment,7,68
0,Cra-2aca_101_Crataegus-1,Crataegus,Crataegus#genus,compound<,monogyna,NOUN,2,compound< monogyna,0.08502398476743758,0.20401983923459246,Dicotyledon__class,taxongroup_comment,7,68
0,Cra-2aca_45_Crataegus-1,Crataegus,Crataegus#genus,compound<,monogyna,NOUN,2,compound< monogyna,0.08502398476743758,0.20401983923459246,Dicotyledon__class,taxongroup_comment,7,68
0,Cra-2aca_37_Crataegus-1,Crataegus,Crataegus#genus,compound<,monogyna,NOUN,2,compound< monogyna,0.08502398476743758,0.20401983923459246,Dicotyledon__class,taxongroup_comment,7,68
0,Cra-2aca_35_Crataegus-1,Crataegus,Crataegus#genus,compound<,monogyna,NOUN,2,compound< monogyna,0.08502398476743758,0.20401983923459246,Dicotyledon__class,taxongroup_comment,7,68
0,Ulm-8a7b_23_Ulmus-1,Ulmus,Elm#genus,compound<,procera,NOUN,2,compound< procera,0.2480882499310243,0.3403805271728758,Dicotyledon__class,taxongroup_comment,7,68
0,Urt-a4f1_94_Urtica-1,Urtica,Nettle#genus,compound<,dioica,NOUN,2,compound< dioica,-0.07113341430090492,0.12195599075796475,Dicotyledon__class,taxongroup_comment,7,68
0,Urt-a4f1_97_Urtica-1,Urtica,Nettle#genus,compound<,dioica,NOUN,2,compound< dioica,-0.07113341430090492,0.12195599075796475,Dicotyledon__class,taxongroup_comment,7,68
0,Urt-a4f1_70_Urtica-1,Urtica,Nettle#genus,compound<,dioica,NOUN,2,compound< dioica,-0.07113341430090492,0.12195599075796475,Dicotyledon__class,taxongroup_comment,7,68
0,Urt-a4f1_215_Urtica-1,Urtica,Nettle#genus,compound<,dioica,NOUN,2,compound< dioica,-0.07113341430090492,0.12195599075796475,Dicotyledon__class,taxongroup_comment,7,68
0,Urt-a4f1_72_Urtica-1,Urtica,Nettle#genus,compound<,dioica,NOUN,2,compound< dioica,-0.07113341430090492,0.12195599075796475,Dicotyledon__class,taxongroup_comment,7,68
0,Urt-a4f1_59_Urtica-1,Urtica,Nettle#genus,compound<,dioica,NOUN,2,compound< dioica,-0.07113341430090492,0.12195599075796475,Dicotyledon__class,taxongroup_comment,7,68
0,Urt-a4f1_43_Urtica-1,Urtica,Nettle#genus,compound<,dioica,NOUN,2,compound< dioica,-0.07113341430090492,0.12195599075796475,Dicotyledon__class,taxongroup_comment,7,68
0,Urt-a4f1_124_Urtica-1,Urtica,Nettle#genus,compound<,dioica,NOUN,2,compound< dioica,-0.07113341430090492,0.12195599075796475,Dicotyledon__class,taxongroup_comment,7,68
0,Urt-a4f1_234_Urtica-1,Urtica,Nettle#genus,compound<,dioica,NOUN,2,compound< dioica,-0.07113341430090492,0.12195599075796475,Dicotyledon__class,taxongroup_comment,7,68
0,Urt-a4f1_229_Urtica-1,Urtica,Nettle#genus,compound<,dioica,NOUN,2,compound< dioica,-0.07113341430090492,0.12195599075796475,Dicotyledon__class,taxongroup_comment,7,68
0,Urt-a4f1_68_Urtica-1,Urtica,Nettle#genus,compound<,dioica,NOUN,2,compound< dioica,-0.07113341430090492,0.12195599075796475,Dicotyledon__class,taxongroup_comment,7,68
0,Urt-a4f1_6_Urtica-1,Urtica,Nettle#genus,compound<,dioica,NOUN,2,compound< dioica,-0.07113341430090492,0.12195599075796475,Dicotyledon__class,taxongroup_comment,7,68
0,Urt-a4f1_217_Urtica-1,Urtica,Nettle#genus,compound<,dioica,NOUN,2,compound< dioica,-0.07113341430090492,0.12195599075796475,Dicotyledon__class,taxongroup_comment,7,68
0,Urt-a4f1_47_Urtica-1,Urtica,Nettle#genus,compound<,dioica,NOUN,2,compound< dioica,-0.07113341430090492,0.12195599075796475,Dicotyledon__class,taxongroup_comment,7,68
0,Urt-a4f1_106_Urtica-1,Urtica,Nettle#genus,compound<,dioica,NOUN,2,compound< dioica,-0.07113341430090492,0.12195599075796475,Dicotyledon__class,taxongroup_comment,7,68
0,Urt-a4f1_13_Urtica-1,Urtica,Nettle#genus,compound<,dioica,NOUN,2,compound< dioica,-0.07113341430090492,0.12195599075796475,Dicotyledon__class,taxongroup_comment,7,68
0,Urt-a4f1_155_Urtica-1,Urtica,Nettle#genus,compound<,dioica,NOUN,2,compound< dioica,-0.07113341430090492,0.12195599075796475,Dicotyledon__class,taxongroup_comment,7,68
0,Urt-a4f1_137_Urtica-1,Urtica,Nettle#genus,compound<,dioica,NOUN,2,compound< dioica,-0.07113341430090492,0.12195599075796475,Dicotyledon__class,taxongroup_comment,7,68
0,Urt-a4f1_130_Urtica-1,Urtica,Nettle#genus,compound<,dioica,NOUN,2,compound< dioica,-0.07113341430090492,0.12195599075796475,Dicotyledon__class,taxongroup_comment,7,68
0,Urt-a4f1_141_Urtica-1,Urtica,Nettle#genus,compound<,dioica,NOUN,2,compound< dioica,-0.07113341430090492,0.12195599075796475,Dicotyledon__class,taxongroup_comment,7,68
0,Urt-a4f1_212_Urtica-1,Urtica,Nettle#genus,compound<,dioica,NOUN,2,compound< dioica,-0.07113341430090492,0.12195599075796475,Dicotyledon__class,taxongroup_comment,7,68
0,Urt-a4f1_1_Urtica-1,Urtica,Nettle#genus,compound<,dioica,NOUN,2,compound< dioica,-0.07113341430090492,0.12195599075796475,Dicotyledon__class,taxongroup_comment,7,68
0,Urt-a4f1_179_Urtica-1,Urtica,Nettle#genus,compound<,dioica,NOUN,2,compound< dioica,-0.07113341430090492,0.12195599075796475,Dicotyledon__class,taxongroup_comment,7,68
0,Urt-a4f1_193_Urtica-1,Urtica,Nettle#genus,compound<,dioica,NOUN,2,compound< dioica,-0.07113341430090492,0.12195599075796475,Dicotyledon__class,taxongroup_comment,7,68
0,Urt-a4f1_176_Urtica-1,Urtica,Nettle#genus,compound<,dioica,NOUN,2,compound< dioica,-0.07113341430090492,0.12195599075796475,Dicotyledon__class,taxongroup_comment,7,68
0,Urt-a4f1_184_Urtica-1,Urtica,Nettle#genus,compound<,dioica,NOUN,2,compound< dioica,-0.07113341430090492,0.12195599075796475,Dicotyledon__class,taxongroup_comment,7,68
0,Urt-a4f1_104_Urtica-1,Urtica,Nettle#genus,compound<,dioica,NOUN,2,compound< dioica,-0.07113341430090492,0.12195599075796475,Dicotyledon__class,taxongroup_comment,7,68
0,Urt-a4f1_170_Urtica-1,Urtica,Nettle#genus,compound<,dioica,NOUN,2,compound< dioica,-0.07113341430090492,0.12195599075796475,Dicotyledon__class,taxongroup_comment,7,68
0,Urt-a4f1_157_Urtica-1,Urtica,Nettle#genus,compound<,dioica,NOUN,2,compound< dioica,-0.07113341430090492,0.12195599075796475,Dicotyledon__class,taxongroup_comment,7,68
1,Tem-ae4d_13_Fagus-22,Fagus,Beech#genus,compound<appos<,beech,NOUN,20,compound<appos< beech,0.2091176124115814,0.04136430149747508,Dicotyledon__class,taxongroup_comment,7,68
2,Tem-ae4d_13_Fagus-22,Fagus,Beech#genus,compound<,spp.,NOUN,23,compound< ...,-0.10496207972952426,0.2637921106273603,Dicotyledon__class,taxongroup_comment,7,68
4,Nep-5975_182_plants-7,plants,Plant#kingdom,amod>,tropical,ADJ,5,amod> tropical,-0.9328855042534244,-0.27354082694477466,Dicotyledon__class,taxongroup_comment,3,25
9,Nep-5975_159_plants-13,plants,Plant#kingdom,amod>,tropical,ADJ,11,amod> tropical,-0.9328855042534244,-0.27354082694477466,Dicotyledon__class,taxongroup_comment,3,25
6,Nepfa56_10_plants-9,plants,Plant#kingdom,amod>,tropical,ADJ,7,amod> tropical,-0.9328855042534244,-0.27354082694477466,Dicotyledon__class,taxongroup_comment,3,25
7,Nepfa56_6_plant-10,plant,Plant#kingdom,amod>,tropical,ADJ,8,amod> tropical,-0.9328855042534244,-0.27354082694477466,Dicotyledon__class,taxongroup_comment,3,25
5,Nep-5975_2_plants-9,plants,Plant#kingdom,amod>,carnivorous,ADJ,8,amod> carnivorous,-0.8571486203858397,-0.05056594646162565,Dicotyledon__class,taxongroup_comment,3,25
9,Ros-4632_109_families-15,families,Rosaceae#family,amod>,important,ADJ,12,amod> ...,-0.7881308973715986,-0.0024172524551112212,Dicotyledon__class,taxongroup_comment,3,25
5,Mat-e5e5_96_plants-8,plants,Plant#kingdom,amod>,different,ADJ,6,amod> ...,-0.738045980535992,0.04087964610440248,Dicotyledon__class,taxongroup_comment,3,25
4,Ase-acb4_112_plant-6,plant,Plant#kingdom,amod>,apomictic,ADJ,5,amod> ...,-0.625017152529006,0.155454913804005,Dicotyledon__class,taxongroup_comment,3,25
8,Dro-4d9f_2_plants-19,plants,Plant#kingdom,amod>,carnivorous,ADJ,18,amod> carnivorous,-0.8571486203858397,-0.05056594646162565,Dicotyledon__class,taxongroup_comment,3,25
8,Dro-82dc_20_plants-10,plants,Plant#kingdom,amod>,carnivorous,ADJ,9,amod> carnivorous,-0.8571486203858397,-0.05056594646162565,Dicotyledon__class,taxongroup_comment,3,25
11,Oak-f2b6_135_angiosperms-23,angiosperms,Flowering_plant#phylum,amod>,other,ADJ,22,amod> other,-0.8868019879283906,-0.15064776667137564,Dicotyledon__class,taxongroup_comment,3,25
6,Pan-c6cc_56_plants-17,plants,Plant#kingdom,amod>,young,ADJ,16,amod> ...,-0.6447186825371787,-0.27665928909072207,Dicotyledon__class,taxongroup_comment,3,25
10,Rho-d4a0_2_plants-19,plants,Plant#kingdom,amod>,woody,ADJ,18,amod> woody,-0.7001721520350913,-0.2948158023888803,Dicotyledon__class,taxongroup_comment,3,25
8,Ros-4632_2_plants-16,plants,Plant#kingdom,amod>,flowering,VERB,15,amod> flowering,-0.650491582746486,0.13714795921959347,Dicotyledon__class,taxongroup_comment,3,25
9,Ven-77c9_105_plants-12,plants,Plant#kingdom,amod>,capable,ADJ,13,amod> ...,-0.530333498064038,-0.10037857277980516,Dicotyledon__class,taxongroup_comment,3,25
2,Hum-c8da_67_plants-4,plants,Plant#kingdom,amod>,such,ADJ,3,amod> ...,-0.9323210517601659,-0.24459622045382176,Dicotyledon__class,taxongroup_comment,3,25
8,Vio8505_2_plants-14,plants,Plant#kingdom,amod>,flower,VERB,13,amod> flower,-0.6730278898011588,-0.31890796123112863,Dicotyledon__class,taxongroup_comment,3,25
7,Gir-427d_11_plants-13,plants,Plant#kingdom,amod>,woody,ADJ,12,amod> woody,-0.7001721520350913,-0.2948158023888803,Dicotyledon__class,taxongroup_comment,3,25
3,Fag-261e_2_fagus-7,fagus,Beech#genus,amod>,Latin,ADJ,6,amod> ...,-0.6901801193169816,-0.3372234228171412,Dicotyledon__class,taxongroup_comment,3,25
5,Mon-1726_3_plants-23,plants,Plant#kingdom,amod>,flowering,VERB,22,amod> flowering,-0.650491582746486,0.13714795921959347,Dicotyledon__class,taxongroup_comment,3,25
10,Mon548e_2_plants-15,plants,Plant#kingdom,amod>,flowering,VERB,14,amod> flowering,-0.650491582746486,0.13714795921959347,Dicotyledon__class,taxongroup_comment,3,25
7,Koae12e_6_plant-16,plant,Plant#kingdom,amod>,fibrous,ADJ,12,amod> ...,-0.4231289394280339,-0.16697275999907024,Dicotyledon__class,taxongroup_comment,3,25
8,Bea-4f7a_142_plants-15,plants,Plant#kingdom,amod>,woody,ADJ,14,amod> woody,-0.7001721520350913,-0.2948158023888803,Dicotyledon__class,taxongroup_comment,3,25
10,Rho-d4a0_276_plant-16,plant,Plant#kingdom,amod>,single,ADJ,14,amod> ...,-0.67307235872943,-0.1097781387642045,Dicotyledon__class,taxongroup_comment,3,25
12,Sag-0ea8_95_plants-19,plants,Plant#kingdom,amod>,nonparasitic,ADJ,17,amod> ...,-0.9081498895899518,-0.03598902196684781,Dicotyledon__class,taxongroup_comment,3,25
9,Aca-0b77_83_plants-21,plants,Plant#kingdom,amod>,ornamental,ADJ,19,amod> ornamental,-0.6724167350309218,0.29041764023092004,Dicotyledon__class,taxongroup_comment,5,32
8,Pap271d_4_plants-10,plants,Plant#kingdom,amod>,grow,VERB,9,amod> ...,-0.5070356144737433,0.1303863388176137,Dicotyledon__class,taxongroup_comment,5,32
0,Tar-a465_39_plants-3,plants,Plant#kingdom,amod>,many,ADJ,1,amod> ...,-0.6490935033227886,0.12479842861795978,Dicotyledon__class,taxongroup_comment,5,32
1,Tar-a465_39_plants-3,plants,Plant#kingdom,amod>,similar,ADJ,2,amod> ...,-0.5109949068738328,0.12562225857353176,Dicotyledon__class,taxongroup_comment,5,32
2,See-1516_77_plants-5,plants,Plant#kingdom,amod>,disperse,VERB,4,amod> ...,-0.5918323739196979,0.15206100194748978,Dicotyledon__class,taxongroup_comment,5,32
7,Ven-77c9_2_plant-11,plant,Plant#kingdom,amod>,carnivorous,ADJ,10,amod> carnivorous,-0.49137104058027237,-0.12676144843072024,Dicotyledon__class,taxongroup_comment,5,32
8,Ven-77c9_2_plant-11,plant,Plant#kingdom,amod>,native,ADJ,12,amod> native,-0.577121928763615,0.1625918412128896,Dicotyledon__class,taxongroup_comment,5,32
0,Bog-cdf9_45_plants-2,plants,Plant#kingdom,amod>,Carnivorous,ADJ,1,amod> ...,-0.3320044577379002,-0.3064203950809664,Dicotyledon__class,taxongroup_comment,5,32
12,Ven-77c9_164_plants-6,plants,Plant#kingdom,amod>,similar,ADJ,15,amod> ...,-0.5109949068738328,0.12562225857353176,Dicotyledon__class,taxongroup_comment,5,32
1,Flo-e790_24_angiosperms-3,angiosperms,Flowering_plant#phylum,amod>,largest,ADJ,2,amod> ...,-0.3431708202723828,-0.16305030044471053,Dicotyledon__class,taxongroup_comment,5,32
10,Ven-77c9_52_plants-14,plants,Plant#kingdom,amod>,other,ADJ,12,amod> other,-0.6106907465456681,0.10940927514975844,Dicotyledon__class,taxongroup_comment,5,32
11,Ven-77c9_52_plants-14,plants,Plant#kingdom,amod>,carnivorous,ADJ,13,amod> carnivorous,-0.49137104058027237,-0.12676144843072024,Dicotyledon__class,taxongroup_comment,5,32
0,Tun-c63e_39_plants-2,plants,Plant#kingdom,amod>,notable,ADJ,1,amod> ...,-0.5831148700205945,0.1415444515729204,Dicotyledon__class,taxongroup_comment,5,32
3,Ros-0df4_146_plants-6,plants,Plant#kingdom,amod>,affect,ADJ,4,amod> ...,-0.559576340674971,-0.03557407421583532,Dicotyledon__class,taxongroup_comment,5,32
4,Ros-0df4_146_plants-6,plants,Plant#kingdom,amod>,other,ADJ,5,amod> other,-0.6106907465456681,0.10940927514975844,Dicotyledon__class,taxongroup_comment,5,32
10,Ven-77c9_221_plant-13,plant,Plant#kingdom,amod>,carnivorous,ADJ,12,amod> carnivorous,-0.49137104058027237,-0.12676144843072024,Dicotyledon__class,taxongroup_comment,5,32
9,Vio-0709_38_plants-12,plants,Plant#kingdom,amod>,other,ADJ,11,amod> other,-0.6106907465456681,0.10940927514975844,Dicotyledon__class,taxongroup_comment,5,32
4,Vio-0709_9_plant-6,plant,Plant#kingdom,amod>,small,ADJ,5,amod> ...,-0.5904430276628595,0.23578566585520977,Dicotyledon__class,taxongroup_comment,5,32
5,Vio-0709_138_Plants-45,Plants,Plant#kingdom,nmod<case>,-,SYM,35,nmod<case> ...,-0.6775292091590851,0.08354634525116474,Dicotyledon__class,taxongroup_comment,5,32
11,Ada-8b4f_167_plants-19,plants,Plant#kingdom,amod>,good,ADJ,18,amod> ...,-0.6174126245524242,0.34004381311109827,Dicotyledon__class,taxongroup_comment,5,32
7,Ada-8b4f_167_plants-10,plants,Plant#kingdom,amod>,dangerous,ADJ,9,amod> ...,-0.6533856483161519,0.3277189472728927,Dicotyledon__class,taxongroup_comment,5,32
1,Bee-f189_30_Fagus-4,Fagus,Beech#genus,amod>,better,ADJ,2,amod> ...,-0.5540973354314469,0.08064469832599054,Dicotyledon__class,taxongroup_comment,5,32
2,Bee-f189_30_Fagus-4,Fagus,Beech#genus,amod>,know,VERB,3,amod> ...,-0.5250680265981639,0.05924604682369271,Dicotyledon__class,taxongroup_comment,5,32
5,Bla-30a4_131_plants-29,plants,Plant#kingdom,amod>,other,ADJ,27,amod> other,-0.6106907465456681,0.10940927514975844,Dicotyledon__class,taxongroup_comment,5,32
6,Bla-30a4_131_plants-29,plants,Plant#kingdom,amod>,thorny,ADJ,28,amod> ...,-0.5981336953725696,0.35481846475547296,Dicotyledon__class,taxongroup_comment,5,32
8,Mon-1726_193_plants-10,plants,Plant#kingdom,amod>,other,ADJ,11,amod> other,-0.6106907465456681,0.10940927514975844,Dicotyledon__class,taxongroup_comment,5,32
1,Wet-a585_310_plants-4,plants,Plant#kingdom,amod>,native,ADJ,2,amod> native,-0.577121928763615,0.1625918412128896,Dicotyledon__class,taxongroup_comment,5,32
10,Bur-9073_53_plants-17,plants,Plant#kingdom,amod>,wild,ADJ,16,amod> ...,-0.46413451391401284,0.11871500784294632,Dicotyledon__class,taxongroup_comment,5,32
0,She-572b_139_plants-2,plants,Plant#kingdom,amod>,common,ADJ,1,amod> ...,-0.5365720669862803,0.20586272147418322,Dicotyledon__class,taxongroup_comment,5,32
1,She-572b_139_plants-2,plants,Plant#kingdom,amod>,toxic,ADJ,3,amod> ...,-0.6186466629251113,0.21222119182461432,Dicotyledon__class,taxongroup_comment,5,32
2,Vio-0709_37_plant-6,plant,Plant#kingdom,amod>,ornamental,ADJ,3,amod> ornamental,-0.6724167350309218,0.29041764023092004,Dicotyledon__class,taxongroup_comment,5,32
10,Pan-c6cc_46_plants-23,plants,Plant#kingdom,amod>,smaller,ADJ,19,amod> ...,-0.4594848600189061,0.13053104732884108,Dicotyledon__class,taxongroup_comment,5,32
12,Pan-c6cc_46_plants-23,plants,Plant#kingdom,amod>,compact,ADJ,22,amod> ...,-0.5436465997668997,0.2917582787626183,Dicotyledon__class,taxongroup_comment,5,32
8,Rho-d4a0_238_plants-15,plants,Plant#kingdom,amod>,ornamental,ADJ,14,amod> ornamental,-0.6724167350309218,0.29041764023092004,Dicotyledon__class,taxongroup_comment,5,32
6,Rho-d4a0_242_plant-21,plant,Plant#kingdom,amod>,resulting,VERB,19,amod> ...,-0.5681966641331057,0.05660459311978509,Dicotyledon__class,taxongroup_comment,5,32
7,Rho-d4a0_242_plant-21,plant,Plant#kingdom,amod>,root,ADJ,20,amod> ...,-0.5883975246400065,0.2950552823280296,Dicotyledon__class,taxongroup_comment,5,32
7,Nar-e858_506_plants-10,plants,Plant#kingdom,amod>,other,ADJ,8,amod> other,-0.6106907465456681,0.10940927514975844,Dicotyledon__class,taxongroup_comment,5,32
8,Nar-e858_506_plants-10,plants,Plant#kingdom,amod>,nearby,ADJ,9,amod> ...,-0.5923438534755869,0.4750567417868442,Dicotyledon__class,taxongroup_comment,5,32
4,Ade3c58_2_plants-6,plants,Plant#kingdom,amod>,flower,VERB,5,amod> flower,-0.6203568631844169,0.3152157454953016,Dicotyledon__class,taxongroup_comment,5,32
5,Ade3c58_2_plants-6,plants,Plant#kingdom,amod>,native,ADJ,7,amod> native,-0.577121928763615,0.1625918412128896,Dicotyledon__class,taxongroup_comment,5,32
3,Ros-0df4_145_plants-5,plants,Plant#kingdom,amod>,host,ADJ,4,amod> ...,-0.619953672822943,0.017881554840324165,Dicotyledon__class,taxongroup_comment,5,32
8,Dro-4d9f_179_plants-19,plants,Plant#kingdom,amod>,favorite,ADJ,17,amod> ...,-0.7004795289498044,0.41704883419235206,Dicotyledon__class,taxongroup_comment,5,32
9,Dro-4d9f_179_plants-19,plants,Plant#kingdom,amod>,ornamental,ADJ,18,amod> ornamental,-0.6724167350309218,0.29041764023092004,Dicotyledon__class,taxongroup_comment,5,32
17,Dro-4d9f_179_plants-19,plants,Plant#kingdom,amod>,stringent,ADJ,31,amod> ...,-0.4834174604958448,0.3617775880070558,Dicotyledon__class,taxongroup_comment,5,32
5,Flo-e790_35_plants-17,plants,Plant#kingdom,amod>,carnivorous,ADJ,16,amod> carnivorous,-0.49137104058027237,-0.12676144843072024,Dicotyledon__class,taxongroup_comment,5,32
5,Ace-0af3_114_Acer-12,Acer,Maple#genus,compound<nmod>case>,in,ADP,14,compound<nmod>case> in,-0.34473738931758185,0.06224653378500311,Dicotyledon__class,taxongroup_comment,2,14
6,Arc-b760_2_Papaver-13,Papaver,Papaver#genus,amod>,follow,VERB,12,amod> ...,-0.2722168952201666,-0.12374796341663591,Dicotyledon__class,taxongroup_comment,2,14
11,Hed-8dc6_39_Crataegus-1,Crataegus,Crataegus#genus,compound<nmod>case>,in,ADP,30,compound<nmod>case> in,-0.34473738931758185,0.06224653378500311,Dicotyledon__class,taxongroup_comment,2,14
20,Hed-8dc6_39_Crataegus-1,Crataegus,Crataegus#genus,compound<nmod>case>,through,ADP,52,compound<nmod>case> ...,-0.3634738534760942,0.15548040005522418,Dicotyledon__class,taxongroup_comment,2,14
3,Gre-e890_102_plant-3,plant,Plant#kingdom,compound<nmod>case>,in,ADP,5,compound<nmod>case> in,-0.34473738931758185,0.06224653378500311,Dicotyledon__class,taxongroup_comment,2,14
4,Gre-e890_102_plant-3,plant,Plant#kingdom,compound<nmod>det>,the,DET,6,compound<nmod>det> the,-0.3449105091033446,-0.23573879629598804,Dicotyledon__class,taxongroup_comment,2,14
6,Euc-4c3e_243_plant-29,plant,Plant#kingdom,compound<nmod>case>,with,ADP,31,compound<nmod>case> ...,-0.2520365075625947,0.24347237001245434,Dicotyledon__class,taxongroup_comment,2,14
4,Hyp-f6cf_234_Hypericum-9,Hypericum,Hypericum#genus,compound<nmod>case>,for,ADP,11,compound<nmod>case> for,-0.3056316521468886,0.10151184677814401,Dicotyledon__class,taxongroup_comment,2,14
6,Man-d37a_71_plant-19,plant,Plant#kingdom,compound<nmod>case>,of,ADP,22,compound<nmod>case> of,-0.2754623002571892,0.1083221489664967,Dicotyledon__class,taxongroup_comment,2,14
7,Flo-e790_146_plant-21,plant,Plant#kingdom,compound<nmod>case>,for,ADP,23,compound<nmod>case> for,-0.3056316521468886,0.10151184677814401,Dicotyledon__class,taxongroup_comment,2,14
9,Him-3e6b_27_plant-18,plant,Plant#kingdom,compound<nmod>case>,like,ADP,20,compound<nmod>case> ...,-0.2179771915409038,0.3652813146999544,Dicotyledon__class,taxongroup_comment,2,14
8,Eng-0a3a_19_plant-8,plant,Plant#kingdom,compound<nmod>case>,as,ADP,22,compound<nmod>case> ...,-0.3638194675162584,0.1734631566311445,Dicotyledon__class,taxongroup_comment,2,14
9,Eng-0a3a_19_plant-8,plant,Plant#kingdom,compound<nmod>det>,a,DET,23,compound<nmod>det> ...,-0.25849008448675176,-0.1790084192990741,Dicotyledon__class,taxongroup_comment,2,14
8,Cra-2aca_9_plant-14,plant,Plant#kingdom,compound<nmod>case>,in,ADP,17,compound<nmod>case> in,-0.34473738931758185,0.06224653378500311,Dicotyledon__class,taxongroup_comment,2,14
10,Fag-261e_10_plant-10,plant,Plant#kingdom,compound<nmod>case>,in,ADP,12,compound<nmod>case> in,-0.34473738931758185,0.06224653378500311,Dicotyledon__class,taxongroup_comment,2,14
11,Fag-261e_10_plant-10,plant,Plant#kingdom,compound<nmod>det>,the,DET,13,compound<nmod>det> the,-0.3449105091033446,-0.23573879629598804,Dicotyledon__class,taxongroup_comment,2,14
2,Ros-0df4_9_plants-2,plants,Plant#kingdom,compound<nmod>case>,in,ADP,4,compound<nmod>case> in,-0.34473738931758185,0.06224653378500311,Dicotyledon__class,taxongroup_comment,2,14
4,Ros-0df4_9_plants-2,plants,Plant#kingdom,compound<nmod>case>,from,ADP,6,compound<nmod>case> from,-0.4326020135478623,0.09712366982052974,Dicotyledon__class,taxongroup_comment,2,14
8,Ros-0df4_9_plants-2,plants,Plant#kingdom,compound<nmod>case>,to,ADP,12,compound<nmod>case> ...,-0.323696046876552,0.0891127713987398,Dicotyledon__class,taxongroup_comment,2,14
6,Sag-0ea8_96_plant-6,plant,Plant#kingdom,compound<nmod>case>,such,ADJ,9,compound<nmod>case> such,-0.27088257062430443,0.24475034676098462,Dicotyledon__class,taxongroup_comment,2,14
7,Sag-0ea8_96_plant-6,plant,Plant#kingdom,compound<nmod>det>,the,DET,11,compound<nmod>det> the,-0.3449105091033446,-0.23573879629598804,Dicotyledon__class,taxongroup_comment,2,14
0,Ind-c6bf_37_plants-3,plants,Plant#kingdom,amod>,tropical,ADJ,1,amod> tropical,-0.5839927058510257,-0.06525771910317606,Dicotyledon__class,taxongroup_comment,6,9
3,Ind-c6bf_37_plants-3,plants,Plant#kingdom,nsubj<cop>,be,AUX,7,nsubj<cop> be,-0.428128647942307,-0.07618859792382157,Dicotyledon__class,taxongroup_comment,6,9
9,Sym-a4bb_149_plants-32,plants,Plant#kingdom,amod>,other,ADJ,31,amod> other,-0.3654003771401484,-0.05484680300005426,Dicotyledon__class,taxongroup_comment,6,9
5,Dic-c8bf_31_angiosperms-8,angiosperms,Flowering_plant#phylum,amod>,basal,ADJ,7,amod> ...,-0.20637247659159708,-0.2557151837067366,Dicotyledon__class,taxongroup_comment,6,9
12,Pas-0433_4_plants-29,plants,Plant#kingdom,amod>,garden,ADJ,28,amod> ...,-0.5072313308411434,0.1198435844108105,Dicotyledon__class,taxongroup_comment,6,9
10,Pas-a544_40_plant-19,plant,Plant#kingdom,mark>,to,PART,15,mark> ...,-0.5308731025230117,0.21758133211563055,Dicotyledon__class,taxongroup_comment,6,9
13,Pas-a544_40_plant-19,plant,Plant#kingdom,amod>,protocarnivorous,ADJ,18,amod> ...,-0.26902735100129943,-0.0016065140003643716,Dicotyledon__class,taxongroup_comment,6,9
8,Ros-4632_13_plants-12,plants,Plant#kingdom,amod>,herbaceous,ADJ,11,amod> herbaceous,-0.6018782948707656,0.05424099841559259,Dicotyledon__class,taxongroup_comment,6,9
0,Hed-8dc6_164_plants-3,plants,Plant#kingdom,amod>,typical,ADJ,1,amod> ...,-0.34729562937121844,-0.2532330183268334,Dicotyledon__class,taxongroup_comment,6,9
1,Hed-8dc6_164_plants-3,plants,Plant#kingdom,amod>,woody,ADJ,2,amod> woody,-0.6159443598441521,0.10454045536023579,Dicotyledon__class,taxongroup_comment,6,9
7,Int-c24a_13_plants-14,plants,Plant#kingdom,amod>,larger,ADJ,13,amod> ...,-0.3611225731373761,-0.24022502763542458,Dicotyledon__class,taxongroup_comment,6,9
13,Rho-d4a0_244_plants-32,plants,Plant#kingdom,amod>,specimen,ADJ,31,amod> ...,-0.020295806789879745,-0.5248372999601535,Dicotyledon__class,taxongroup_comment,6,9
9,Eur-d570_83_plants-34,plants,Plant#kingdom,conj<conj>,dandelion,NOUN,26,conj<conj> ...,0.42033121159479603,-0.3947962409435557,Dicotyledon__class,taxongroup_comment,4,3
10,Eur-d570_83_plants-34,plants,Plant#kingdom,conj<conj>,Artemisia,PROPN,28,conj<conj> ...,0.3969567078427185,-0.28118494291547325,Dicotyledon__class,taxongroup_comment,4,3
11,Eur-d570_83_plants-34,plants,Plant#kingdom,conj<conj>,knapweed,NOUN,30,conj<conj> ...,0.4546608084365499,-0.303303850121851,Dicotyledon__class,taxongroup_comment,4,3
6,Fag-86d1_18_Fagales-17,Fagales,Fagales#order,compound<det>,the,DET,16,compound<det> the,0.4087710641817918,0.24631114238285345,Dicotyledon__class,taxongroup_comment,4,3
3,Man-5a67_68_plants-38,plants,Plant#kingdom,conj<conj>cc>,and,CCONJ,4,conj<conj>cc> and,0.39252700262496026,-0.12226460150280005,Dicotyledon__class,taxongroup_comment,4,3
4,Man-5a67_68_plants-38,plants,Plant#kingdom,conj<conj>,eat,VERB,5,conj<conj> ...,0.49176093429815604,-0.421943154387878,Dicotyledon__class,taxongroup_comment,4,3
9,Man-5a67_68_plants-38,plants,Plant#kingdom,conj<conj>,leave,VERB,34,conj<conj> ...,0.5073351413681455,-0.33466094039487526,Dicotyledon__class,taxongroup_comment,4,3
20,Man-5a67_68_plants-38,plants,Plant#kingdom,conj<conj>,grass,NOUN,52,conj<conj> grass,0.496311531629446,-0.4143626128481744,Dicotyledon__class,taxongroup_comment,4,3
22,Man-5a67_68_plants-38,plants,Plant#kingdom,conj<conj>,grass,NOUN,55,conj<conj> grass,0.496311531629446,-0.4143626128481744,Dicotyledon__class,taxongroup_comment,4,3
24,Man-5a67_68_plants-38,plants,Plant#kingdom,conj<conj>cc>,and,CCONJ,60,conj<conj>cc> and,0.39252700262496026,-0.12226460150280005,Dicotyledon__class,taxongroup_comment,4,3
26,Man-5a67_68_plants-38,plants,Plant#kingdom,conj<conj>,alga,NOUN,62,conj<conj> ...,0.37837381918384555,-0.40149368321869405,Dicotyledon__class,taxongroup_comment,4,3
8,Aca-0b77_63_plant-9,plant,Plant#kingdom,nmod>case>,for,ADP,10,nmod>case> for,-0.631434917431941,-0.001887146540650605,Dicotyledon__class,taxongroup_comment,0,4
0,Broe6e5_5_Plants-1,Plants,Plant#kingdom,nsubj<aux>,can,AUX,2,nsubj<aux> can,-0.4343217158563744,-0.11402984229390102,Dicotyledon__class,taxongroup_comment,0,4
7,Ros-4632_118_plants-13,plants,Plant#kingdom,cc>,and,CCONJ,12,cc> and,0.4203076368189394,-0.3473378219864901,Dicotyledon__class,taxongroup_comment,0,4
6,Ros-4632_64_Crataegus-32,Crataegus,Crataegus#genus,cc>,and,CCONJ,31,cc> and,0.4203076368189394,-0.3473378219864901,Dicotyledon__class,taxongroup_comment,0,4
