taxon	group	level
Mammal#class	Mammal#class	class
Elephantidae#family	Mammal#class	class
African_elephant#genus	Mammal#class	class
Animal#kingdom	Animal#kingdom	kingdom
African_Bush_Elephant#species	Mammal#class	class
Amazonian_Manatee#species	Mammal#class	class
American_crocodile#species	Reptile#class	class
American_Mink#species	Carnivora#order	order
Barn_Owl#species	Bird#class	class
Bearded_Reedling#species	Passerine#order	order
Bombus_terrestris#species	Hymenoptera#order	order
Brown_rat#species	Rodent#order	order
Buff-necked_Ibis#species	Bird#class	class
Capybara#species	Rodent#order	order
Common_Crane#species	Bird#class	class
Common_Cuckoo#species	Bird#class	class
Common_frog#species	Amphibian#class	class
Common_Kestrel#species	Bird#class	class
Common_Moorhen#species	Bird#class	class
Common_Pheasant#species	Bird#class	class
Common_Ringed_Plover#species	Charadriiformes#order	order
Common_Toad#species	Amphibian#class	class
Cougar#species	Carnivora#order	order
Eleonoras_Falcon#species	Bird#class	class
Eunectes_notaeus#species	Snake#suborder	suborder
Eurasian_Beaver#species	Rodent#order	order
Eurasian_Coot#species	Bird#class	class
Eurasian_Reed_Warbler#species	Passerine#order	order
European_Polecat#species	Carnivora#order	order
Fallow_Deer#species	Even-toed_ungulate#order	order
Giant_Otter#species	Carnivora#order	order
Golden_Eagle#species	Accipitridae#family	family
Grasshopper_Warbler#species	Passerine#order	order
Grass_Snake#species	Snake#suborder	suborder
Great_Northern_Loon#species	Bird#class	class
Harriss_Hawk#species	Accipitridae#family	family
Hen_Harrier#species	Accipitridae#family	family
Highland_midge#species	Insect#class	class
Little_Egret#species	Bird#class	class
Little_Ringed_Plover#species	Charadriiformes#order	order
Mallard#species	Bird#class	class
Marsh_Frog#species	Amphibian#class	class
Merlin_bird#species	Bird#class	class
Mute_Swan#species	Bird#class	class
Myodes_glareolus#species	Rodent#order	order
Natterjack_Toad#species	Amphibian#class	class
Norfolk_Hawker#species	Insect#class	class
North_American_River_Otter#species	Carnivora#order	order
Northern_Lapwing#species	Charadriiformes#order	order
Old_World_Swallowtail#species	Lepidoptera#order	order
Osprey#species	Bird#class	class
Python_molurus#species	Snake#suborder	suborder
Raccoon#species	Carnivora#order	order
Red-crowned_Crane#species	Bird#class	class
Sedge_Warbler#species	Passerine#order	order
Shoebill#species	Bird#class	class
Siberian_Crane#species	Bird#class	class
Siberian_salamander#species	Amphibian#class	class
Sika_Deer#species	Even-toed_ungulate#order	order
Skylark#species	Passerine#order	order
Smoky_Jungle_Frog#species	Amphibian#class	class
Snow_Goose#species	Bird#class	class
Snowy_Owl#species	Bird#class	class
Soprano_Pipistrelle#species	Bat#order	order
Spectacled_Caiman#species	Reptile#class	class
Star-nosed_Mole#species	Mammal#class	class
Stellers_Sea_Eagle#species	Accipitridae#family	family
Stinging_nettle#species	Dicotyledon#class	class
Tiger#species	Carnivora#order	order
Vanessa_cardui#species	Lepidoptera#order	order
Vipera_berus#species	Snake#suborder	suborder
Water_Buffalo#species	Bovid#family	family
Water_Rail#species	Bird#class	class
Western_Marsh_Harrier#species	Accipitridae#family	family
Wild_Turkey#species	Bird#class	class
Winter_Wren#species	Passerine#order	order
Wood_Stork#species	Bird#class	class
Proboscidea#order	Mammal#class	class
Chordate#phylum	Chordate#phylum	phylum
Actinopterygii#class	Actinopterygii#class	class
Amphibian#class	Amphibian#class	class
Arachnid#class	Arthropod#phylum	phylum
Bird#class	Bird#class	class
Bivalvia#class	Mollusca#phylum	phylum
Cephalaspidomorphi#class	Chordate#phylum	phylum
Cephalopod#class	Mollusca#phylum	phylum
Chondrichthyes#class	Chordate#phylum	phylum
Clitellata#class	Life#life	life
Dicotyledon#class	Dicotyledon#class	class
Gastropoda#class	Mollusca#phylum	phylum
Insect#class	Insect#class	class
Jellyfish#class	Animal#kingdom	kingdom
Malacostraca#class	Arthropod#phylum	phylum
Maxillopoda#class	Arthropod#phylum	phylum
Merostomata#class	Arthropod#phylum	phylum
Monocotyledon#class	Monocotyledon#class	class
Pinopsida#class	Plant#kingdom	kingdom
Polychaete#class	Animal#kingdom	kingdom
Prymnesiophyceae#class	Life#life	life
Reptile#class	Reptile#class	class
Sarcopterygii#class	Chordate#phylum	phylum
Sea_star#class	Animal#kingdom	kingdom
Sea_urchin#class	Animal#kingdom	kingdom
Synapsid#class	Chordate#phylum	phylum
Abelisauridae#family	Theropoda#suborder	suborder
Acanthasteridae#family	Animal#kingdom	kingdom
Accipitridae#family	Accipitridae#family	family
Aceraceae#family	Dicotyledon#class	class
Acrididae#family	Insect#class	class
Acrocephalidae#family	Passerine#order	order
Aegithalidae#family	Passerine#order	order
Aeshnidae#family	Insect#class	class
Agamidae#family	Lizard#suborder	suborder
Ailuridae#family	Carnivora#order	order
Albatross#family	Bird#class	class
Alliaceae#family	Monocotyledon#class	class
Alligatoridae#family	Reptile#class	class
Allosauridae#family	Theropoda#suborder	suborder
Amaryllidaceae#family	Monocotyledon#class	class
Ambulocetidae#family	Cetacea#order	order
Anatidae#family	Bird#class	class
Anchovy#family	Actinopterygii#class	class
Anguidae#family	Lizard#suborder	suborder
Anostostomatidae#family	Insect#class	class
Ant#family	Hymenoptera#order	order
Antilocapridae#family	Even-toed_ungulate#order	order
Apidae#family	Hymenoptera#order	order
Apocynaceae#family	Dicotyledon#class	class
Araceae#family	Monocotyledon#class	class
Arowana#family	Actinopterygii#class	class
Asiatic_salamander#family	Amphibian#class	class
Asparagaceae#family	Monocotyledon#class	class
Astacidae#family	Arthropod#phylum	phylum
Asteraceae#family	Dicotyledon#class	class
Asteriidae#family	Animal#kingdom	kingdom
Atelidae#family	Primate#order	order
Attelabidae#family	Insect#class	class
Auk#family	Charadriiformes#order	order
Azhdarchidae#family	Reptile#class	class
Balaenicipitidae#family	Bird#class	class
Balaenidae#family	Cetacea#order	order
Basilosauridae#family	Cetacea#order	order
Beaked_whale#family	Cetacea#order	order
Bear#family	Carnivora#order	order
Birds_of_Paradise#family	Passerine#order	order
Blesmol#family	Rodent#order	order
Boidae#family	Snake#suborder	suborder
Bombycillidae#family	Passerine#order	order
Bovid#family	Bovid#family	family
Bradypodidae#family	Mammal#class	class
Bustard#family	Bird#class	class
Callitrichidae#family	Primate#order	order
Calopterygidae#family	Insect#class	class
Camelid#family	Even-toed_ungulate#order	order
Canidae#family	Carnivora#order	order
Carcharodontosauridae#family	Theropoda#suborder	suborder
Castoridae#family	Rodent#order	order
Caviidae#family	Rodent#order	order
Ceratopogonidae#family	Insect#class	class
Ceratopsidae#family	Dinosaur#superorder	superorder
Cetorhinidae#family	Chordate#phylum	phylum
Chameleon#family	Lizard#suborder	suborder
Characidae#family	Actinopterygii#class	class
Charadriidae#family	Charadriiformes#order	order
Cheirogaleidae#family	Primate#order	order
Cicada#family	Insect#class	class
Cinclidae#family	Passerine#order	order
Clusiaceae#family	Dicotyledon#class	class
Coccinellidae#family	Insect#class	class
Cockatoo#family	Bird#class	class
Coelophysidae#family	Theropoda#suborder	suborder
Colubrid#family	Snake#suborder	suborder
Colugo#family	Mammal#class	class
Columbidae#family	Bird#class	class
Conidae#family	Mollusca#phylum	phylum
Cordylidae#family	Lizard#suborder	suborder
Corvidae#family	Passerine#order	order
Crane_bird#family	Bird#class	class
Cricetidae#family	Rodent#order	order
Crocodile#family	Reptile#class	class
Cupressaceae#family	Plant#kingdom	kingdom
Cyperaceae#family	Monocotyledon#class	class
Dasypodidae#family	Mammal#class	class
Dasyuridae#family	Mammal#class	class
Deer#family	Even-toed_ungulate#order	order
Diplodocid#family	Dinosaur#superorder	superorder
Dormouse#family	Rodent#order	order
Dromaeosauridae#family	Theropoda#suborder	suborder
Droseraceae#family	Dicotyledon#class	class
Dugongidae#family	Mammal#class	class
Dytiscidae#family	Insect#class	class
Eared_seal#family	Carnivora#order	order
Earless_seal#family	Carnivora#order	order
Elapidae#family	Snake#suborder	suborder
Elephant_shrew#family	Mammal#class	class
Emberizidae#family	Passerine#order	order
Equidae#family	Mammal#class	class
Erinaceidae#family	Mammal#class	class
Estrildidae#family	Passerine#order	order
Eupleridae#family	Carnivora#order	order
Fagaceae#family	Dicotyledon#class	class
Falconidae#family	Bird#class	class
Felidae#family	Carnivora#order	order
Finch#family	Passerine#order	order
Firefly#family	Insect#class	class
Gavialidae#family	Reptile#class	class
Gecko#family	Lizard#suborder	suborder
Giant_salamander#family	Amphibian#class	class
Gibbon#family	Primate#order	order
Giraffidae#family	Even-toed_ungulate#order	order
Grebe#family	Bird#class	class
Gull#family	Charadriiformes#order	order
Helicidae#family	Mollusca#phylum	phylum
Heron#family	Bird#class	class
Hippocastanaceae#family	Dicotyledon#class	class
Hippopotamidae#family	Even-toed_ungulate#order	order
Hominidae#family	Primate#order	order
Horseshoe_bat#family	Bat#order	order
Hummingbird#family	Bird#class	class
Hyena#family	Carnivora#order	order
Hypsilophodont#family	Dinosaur#superorder	superorder
Hyracodontidae#family	Mammal#class	class
Iguanidae#family	Lizard#suborder	suborder
Iguanodont#family	Dinosaur#superorder	superorder
Indriidae#family	Primate#order	order
Iniidae#family	Cetacea#order	order
Jumping_spider#family	Arthropod#phylum	phylum
Kannemeyeriidae#family	Chordate#phylum	phylum
Lacertidae#family	Lizard#suborder	suborder
Lamnidae#family	Chordate#phylum	phylum
Lark#family	Passerine#order	order
Leaf-nosed_bat#family	Bat#order	order
Lemuridae#family	Primate#order	order
Leporidae#family	Mammal#class	class
Leptodactylidae#family	Amphibian#class	class
Liliaceae#family	Monocotyledon#class	class
Liphistiidae#family	Arthropod#phylum	phylum
Lorisidae#family	Primate#order	order
Lungless_salamander#family	Amphibian#class	class
Lycaenidae#family	Lepidoptera#order	order
Macraucheniidae#family	Mammal#class	class
Macropod#family	Mammal#class	class
Mammutidae#family	Mammal#class	class
Manakin#family	Passerine#order	order
Manidae#family	Mammal#class	class
Marlin#family	Actinopterygii#class	class
Megabat#family	Bat#order	order
Megachilidae#family	Hymenoptera#order	order
Megaluridae#family	Passerine#order	order
Megapode#family	Bird#class	class
Mongoose#family	Carnivora#order	order
Monodontidae#family	Cetacea#order	order
Motacillidae#family	Passerine#order	order
Muridae#family	Rodent#order	order
Mustelidae#family	Carnivora#order	order
Myrmecophagidae#family	Mammal#class	class
Neovenatoridae#family	Theropoda#suborder	suborder
Nepenthaceae#family	Dicotyledon#class	class
New_World_vulture#family	Bird#class	class
New_Zealand_parrot#family	Bird#class	class
Nightjar#family	Bird#class	class
Nursery_web_spider#family	Arthropod#phylum	phylum
Nymphalidae#family	Lepidoptera#order	order
Oceanic_dolphin#family	Cetacea#order	order
Octopodidae#family	Mollusca#phylum	phylum
Odobenidae#family	Carnivora#order	order
Old_World_flycatcher#family	Passerine#order	order
Old_World_monkey#family	Primate#order	order
Ophthalmosauridae#family	Reptile#class	class
Orb-weaver_spider#family	Arthropod#phylum	phylum
Orchidaceae#family	Monocotyledon#class	class
Ornithorhynchidae#family	Mammal#class	class
Oviraptoridae#family	Theropoda#suborder	suborder
Oystercatcher#family	Charadriiformes#order	order
Palaeotheriidae#family	Mammal#class	class
Pandionidae#family	Bird#class	class
Panuridae#family	Passerine#order	order
Papaveraceae#family	Dicotyledon#class	class
Passifloraceae#family	Dicotyledon#class	class
Pelomedusidae#family	Reptile#class	class
Penguin#family	Bird#class	class
Petauridae#family	Mammal#class	class
Petromyzontidae#family	Chordate#phylum	phylum
Phalangeridae#family	Mammal#class	class
Phascolarctidae#family	Mammal#class	class
Phasianidae#family	Bird#class	class
Phylloscopidae#family	Passerine#order	order
Physeteridae#family	Cetacea#order	order
Picathartidae#family	Passerine#order	order
Pieridae#family	Lepidoptera#order	order
Pinaceae#family	Plant#kingdom	kingdom
Pitheciidae#family	Primate#order	order
Ploceidae#family	Passerine#order	order
Poaceae#family	Monocotyledon#class	class
Porpoise#family	Cetacea#order	order
Procellariidae#family	Bird#class	class
Procyonidae#family	Carnivora#order	order
Protoceratopsid#family	Dinosaur#superorder	superorder
Prunellidae#family	Passerine#order	order
Pseudorhyncocyonidae#family	Mammal#class	class
Rallidae#family	Bird#class	class
Rauisuchidae#family	Reptile#class	class
Recurvirostridae#family	Charadriiformes#order	order
Regulidae#family	Passerine#order	order
Requiem_shark#family	Chordate#phylum	phylum
Rhabdodontidae#family	Dinosaur#superorder	superorder
Rhinoceros#family	Mammal#class	class
Rhizophoraceae#family	Dicotyledon#class	class
Rhynochetidae#family	Bird#class	class
River_kingfishers#family	Bird#class	class
Rorqual#family	Cetacea#order	order
Rosaceae#family	Dicotyledon#class	class
Rynchopidae#family	Charadriiformes#order	order
Salamandridae#family	Amphibian#class	class
Salmonidae#family	Actinopterygii#class	class
Scansoriopterygidae#family	Theropoda#suborder	suborder
Scathophagidae#family	Insect#class	class
Sciuridae#family	Rodent#order	order
Sea_snake#family	Snake#suborder	suborder
Sea_turtle#family	Reptile#class	class
Sepiidae#family	Mollusca#phylum	phylum
Shrew#family	Mammal#class	class
Silphidae#family	Insect#class	class
Sparrow#family	Passerine#order	order
Sphingidae#family	Lepidoptera#order	order
Spinosauridae#family	Theropoda#suborder	suborder
Starling#family	Passerine#order	order
Stegosauridae#family	Dinosaur#superorder	superorder
Stickleback#family	Actinopterygii#class	class
Stone-curlew#family	Charadriiformes#order	order
Stork#family	Bird#class	class
Storm-petrel#family	Bird#class	class
Strongylocentrotidae#family	Animal#kingdom	kingdom
Suidae#family	Even-toed_ungulate#order	order
Sulidae#family	Bird#class	class
Swallow#family	Passerine#order	order
Swallowtail_butterfly#family	Lepidoptera#order	order
Swift#family	Bird#class	class
Sylviidae#family	Passerine#order	order
Syngnathidae#family	Actinopterygii#class	class
Talpidae#family	Mammal#class	class
Tarantula#family	Arthropod#phylum	phylum
Tarsiidae#family	Primate#order	order
Taxaceae#family	Plant#kingdom	kingdom
Tern#family	Charadriiformes#order	order
Therizinosauridae#family	Theropoda#suborder	suborder
Threskiornithidae#family	Bird#class	class
Thrush_bird#family	Passerine#order	order
Titanosauridae#family	Dinosaur#superorder	superorder
Tit_bird#family	Passerine#order	order
Tortoise#family	Reptile#class	class
Treecreeper#family	Passerine#order	order
Triisodontidae#family	Mammal#class	class
Troglodytidae#family	Passerine#order	order
True_frog#family	Amphibian#class	class
True_owl#family	Bird#class	class
True_parrots#family	Bird#class	class
True_toad#family	Amphibian#class	class
Tyrannosauridae#family	Theropoda#suborder	suborder
Tytonidae#family	Bird#class	class
Ulmaceae#family	Dicotyledon#class	class
Ulmaridae#family	Animal#kingdom	kingdom
Umbrella_octopus#family	Mollusca#phylum	phylum
Urticaceae#family	Dicotyledon#class	class
Varanidae#family	Lizard#suborder	suborder
Vesper_bat#family	Bat#order	order
Vespidae#family	Hymenoptera#order	order
Violaceae#family	Dicotyledon#class	class
Viperidae#family	Snake#suborder	suborder
Wolf_spider#family	Arthropod#phylum	phylum
Woodpecker#family	Bird#class	class
Acanthaster#genus	Animal#kingdom	kingdom
Accentor#genus	Passerine#order	order
Accipiter#genus	Accipitridae#family	family
Acinonyx#genus	Carnivora#order	order
Acrocephalus#genus	Passerine#order	order
Aegithalos#genus	Passerine#order	order
Aesculus#genus	Dicotyledon#class	class
Aeshna#genus	Insect#class	class
Ailuropoda#genus	Carnivora#order	order
Aix_genus#genus	Bird#class	class
Alauda#genus	Passerine#order	order
Alcedo#genus	Bird#class	class
Alectoris#genus	Bird#class	class
Alliums#genus	Monocotyledon#class	class
Amorphophallus#genus	Monocotyledon#class	class
Anas#genus	Bird#class	class
Andrias#genus	Amphibian#class	class
Anguis#genus	Lizard#suborder	suborder
Anser_genus#genus	Bird#class	class
Antaresia#genus	Snake#suborder	suborder
Anthropoides#genus	Bird#class	class
Antilocapra#genus	Even-toed_ungulate#order	order
Antilope#genus	Bovid#family	family
Apatura#genus	Lepidoptera#order	order
Apodemus#genus	Rodent#order	order
Aptenodytes#genus	Bird#class	class
Apus_genus#genus	Bird#class	class
Aquila_genus#genus	Accipitridae#family	family
Araneus#genus	Arthropod#phylum	phylum
Arctocephalus#genus	Carnivora#order	order
Ardea_genus#genus	Bird#class	class
Argynnis#genus	Lepidoptera#order	order
Asio#genus	Bird#class	class
Astrochelys#genus	Reptile#class	class
Atelopus#genus	Amphibian#class	class
Athene_owl#genus	Bird#class	class
Aurelia_genus#genus	Animal#kingdom	kingdom
Austropotamobius#genus	Arthropod#phylum	phylum
Avocet#genus	Charadriiformes#order	order
Baboon#genus	Primate#order	order
Balaena#genus	Cetacea#order	order
Balaeniceps#genus	Bird#class	class
Balaenoptera#genus	Cetacea#order	order
Bamboo_lemur#genus	Primate#order	order
Banded_penguin#genus	Bird#class	class
Beaver#genus	Rodent#order	order
Beech#genus	Dicotyledon#class	class
Boa_genus#genus	Snake#suborder	suborder
Boiga#genus	Snake#suborder	suborder
Bos#genus	Bovid#family	family
Botaurus#genus	Bird#class	class
Bothriechis#genus	Snake#suborder	suborder
Bothrops#genus	Snake#suborder	suborder
Bottlenose_dolphin#genus	Cetacea#order	order
Bradypodion#genus	Lizard#suborder	suborder
Branta#genus	Bird#class	class
Bubalus#genus	Bovid#family	family
Bumblebee#genus	Hymenoptera#order	order
Burhinus#genus	Charadriiformes#order	order
Buteo#genus	Accipitridae#family	family
Cacatua#genus	Bird#class	class
Caiman_genus#genus	Reptile#class	class
Calopteryx#genus	Insect#class	class
Camel#genus	Even-toed_ungulate#order	order
Campephilus#genus	Bird#class	class
Canis#genus	Carnivora#order	order
Capra_genus#genus	Bovid#family	family
Capreolus#genus	Even-toed_ungulate#order	order
Caprimulgus#genus	Bird#class	class
Capuchin_monkey#genus	Primate#order	order
Carduelis#genus	Passerine#order	order
Cataglyphis#genus	Hymenoptera#order	order
Catopuma#genus	Carnivora#order	order
Certhia#genus	Passerine#order	order
Cervus#genus	Even-toed_ungulate#order	order
Cetorhinus#genus	Chordate#phylum	phylum
Charadrius#genus	Charadriiformes#order	order
Chelonia#genus	Reptile#class	class
Chen_genus#genus	Bird#class	class
Chimpanzee#genus	Primate#order	order
Chough#genus	Passerine#order	order
Cicinnurus#genus	Passerine#order	order
Coccinella#genus	Insect#class	class
Coelodonta#genus	Mammal#class	class
Columba_genus#genus	Bird#class	class
Common_dolphin#genus	Cetacea#order	order
Conolophus#genus	Lizard#suborder	suborder
Coot#genus	Bird#class	class
Cormorant#genus	Bird#class	class
Coronella#genus	Snake#suborder	suborder
Corvus_genus#genus	Passerine#order	order
Crataegus#genus	Dicotyledon#class	class
Crested_penguin#genus	Bird#class	class
Crocodylus#genus	Reptile#class	class
Crocuta#genus	Carnivora#order	order
Crossbill#genus	Passerine#order	order
Cryptomys#genus	Rodent#order	order
Cryptoprocta#genus	Carnivora#order	order
Culicoides#genus	Insect#class	class
Cyanistes#genus	Passerine#order	order
Cyanopsitta#genus	Bird#class	class
Dama#genus	Even-toed_ungulate#order	order
Damaliscus#genus	Bovid#family	family
Dendrocopos#genus	Bird#class	class
Desmodus#genus	Bat#order	order
Dipper#genus	Passerine#order	order
Dytiscus#genus	Insect#class	class
Echis#genus	Snake#suborder	suborder
Eciton#genus	Hymenoptera#order	order
Egretta#genus	Bird#class	class
Eider#genus	Bird#class	class
Elm#genus	Dicotyledon#class	class
Emberiza#genus	Passerine#order	order
Engraulis#genus	Actinopterygii#class	class
Epidalea#genus	Amphibian#class	class
Eptesicus#genus	Bat#order	order
Equus_genus#genus	Mammal#class	class
Erinaceus#genus	Mammal#class	class
Erithacus#genus	Passerine#order	order
Erythrocebus#genus	Primate#order	order
Eumetopias#genus	Carnivora#order	order
Euophrys#genus	Arthropod#phylum	phylum
Euphydryas#genus	Lepidoptera#order	order
Eurycea#genus	Amphibian#class	class
Falcon#genus	Bird#class	class
Felis#genus	Carnivora#order	order
Ficedula#genus	Passerine#order	order
Flamingo#genus	Bird#class	class
Formica#genus	Hymenoptera#order	order
Fringilla#genus	Passerine#order	order
Fritillaria#genus	Monocotyledon#class	class
Fulmar#genus	Bird#class	class
Furcifer#genus	Lizard#suborder	suborder
Gadfly_petrel#genus	Bird#class	class
Galidictis#genus	Carnivora#order	order
Gannet#genus	Bird#class	class
Garrulus#genus	Passerine#order	order
Gasterosteus#genus	Actinopterygii#class	class
Gavialis#genus	Reptile#class	class
Geochelone#genus	Reptile#class	class
Giant_octopus#genus	Mollusca#phylum	phylum
Glis#genus	Rodent#order	order
Goldeneye_duck#genus	Bird#class	class
Gonepteryx#genus	Lepidoptera#order	order
Gopherus#genus	Reptile#class	class
Gorilla#genus	Primate#order	order
Grass-warbler#genus	Passerine#order	order
Grus_genus#genus	Bird#class	class
Gulo#genus	Carnivora#order	order
Haematopus#genus	Charadriiformes#order	order
Hare#genus	Mammal#class	class
Harpagornis#genus	Accipitridae#family	family
Harpia#genus	Accipitridae#family	family
Harrier_bird#genus	Accipitridae#family	family
Helix_gastropod#genus	Mollusca#phylum	phylum
Hemiechinus#genus	Mammal#class	class
Heterocephalus#genus	Rodent#order	order
Hippopotamus_genus#genus	Even-toed_ungulate#order	order
Hirundo#genus	Passerine#order	order
Homo#genus	Primate#order	order
Horned_owl#genus	Bird#class	class
Hornet#genus	Hymenoptera#order	order
Hylobates#genus	Primate#order	order
Hypericum#genus	Dicotyledon#class	class
Hyperoodon#genus	Cetacea#order	order
Inachis#genus	Lepidoptera#order	order
Inia#genus	Cetacea#order	order
Kinglet#genus	Passerine#order	order
Kittiwake#genus	Charadriiformes#order	order
Kiwi#genus	Bird#class	class
Lacerta_genus#genus	Lizard#suborder	suborder
Lagenorhynchus#genus	Cetacea#order	order
Lagopus#genus	Bird#class	class
Lama_genus#genus	Even-toed_ungulate#order	order
Lampetra#genus	Chordate#phylum	phylum
Lampyris#genus	Insect#class	class
Larus#genus	Charadriiformes#order	order
Lasius#genus	Hymenoptera#order	order
Laticauda#genus	Snake#suborder	suborder
Leaf-warbler#genus	Passerine#order	order
Leptodactylus#genus	Amphibian#class	class
Lissotriton#genus	Amphibian#class	class
Loon#genus	Bird#class	class
Lophophanes#genus	Passerine#order	order
Luscinia#genus	Passerine#order	order
Lutra#genus	Carnivora#order	order
Lutung#genus	Primate#order	order
Lycalopex#genus	Carnivora#order	order
Lynx#genus	Carnivora#order	order
Lyrebird#genus	Passerine#order	order
Macaque#genus	Primate#order	order
Macroglossum#genus	Lepidoptera#order	order
Macropus#genus	Mammal#class	class
Maculinea#genus	Lepidoptera#order	order
Mammoth#genus	Mammal#class	class
Manatee#genus	Mammal#class	class
Maple#genus	Dicotyledon#class	class
Mara_mammal#genus	Rodent#order	order
Marmot#genus	Rodent#order	order
Marten#genus	Carnivora#order	order
Mastodon#genus	Mammal#class	class
Megaloceros#genus	Even-toed_ungulate#order	order
Melanargia#genus	Lepidoptera#order	order
Merops_genus#genus	Bird#class	class
Micromys#genus	Rodent#order	order
Microtus#genus	Rodent#order	order
Milvus#genus	Accipitridae#family	family
Miniopterus#genus	Bat#order	order
Mollymawk#genus	Bird#class	class
Monachus#genus	Carnivora#order	order
Monitor_lizard#genus	Lizard#suborder	suborder
Monodon#genus	Cetacea#order	order
Moorhen#genus	Bird#class	class
Morelia_genus#genus	Snake#suborder	suborder
Motacilla#genus	Passerine#order	order
Mouse-eared_bat#genus	Bat#order	order
Mouse_lemur#genus	Primate#order	order
Mulgara#genus	Mammal#class	class
Muntjac#genus	Even-toed_ungulate#order	order
Muscicapa#genus	Passerine#order	order
Mycteria#genus	Bird#class	class
Naja#genus	Snake#suborder	suborder
Nanger#genus	Bovid#family	family
Narcissus_plant#genus	Monocotyledon#class	class
Nasua#genus	Carnivora#order	order
Natrix#genus	Snake#suborder	suborder
Negaprion#genus	Chordate#phylum	phylum
Neofelis#genus	Carnivora#order	order
Neovison#genus	Carnivora#order	order
Nestor_genus#genus	Bird#class	class
Nettle#genus	Dicotyledon#class	class
Nomascus#genus	Primate#order	order
North_Pacific_albatross#genus	Bird#class	class
Nyctalus#genus	Bat#order	order
Oak#genus	Dicotyledon#class	class
Ophiophagus#genus	Snake#suborder	suborder
Orangutan#genus	Primate#order	order
Oreotrochilus#genus	Bird#class	class
Otis#genus	Bird#class	class
Ovis#genus	Bovid#family	family
Pandion#genus	Bird#class	class
Panthera#genus	Carnivora#order	order
Panurus#genus	Passerine#order	order
Papaver#genus	Dicotyledon#class	class
Papilio#genus	Lepidoptera#order	order
Parabuteo#genus	Accipitridae#family	family
Paradisaea#genus	Passerine#order	order
Pardosa#genus	Arthropod#phylum	phylum
Parotia#genus	Passerine#order	order
Parotomys#genus	Rodent#order	order
Parus#genus	Passerine#order	order
Passer#genus	Passerine#order	order
Pavo_genus#genus	Bird#class	class
P_C3_A8re_David_27s_Deer#genus	Even-toed_ungulate#order	order
Pelophylax#genus	Amphibian#class	class
Periparus#genus	Passerine#order	order
Pernis_bird#genus	Accipitridae#family	family
Petaurus#genus	Mammal#class	class
Phascolarctos#genus	Mammal#class	class
Phasianus#genus	Bird#class	class
Phocoena#genus	Cetacea#order	order
Phoenicurus#genus	Passerine#order	order
Physeter#genus	Cetacea#order	order
Pica_genus#genus	Passerine#order	order
Picus_biology#genus	Bird#class	class
Pika#genus	Mammal#class	class
Pinus#genus	Plant#kingdom	kingdom
Pipistrellus#genus	Bat#order	order
Pipra#genus	Passerine#order	order
Platysaurus#genus	Lizard#suborder	suborder
Plecotus#genus	Bat#order	order
Podiceps#genus	Bird#class	class
Podocnemis#genus	Reptile#class	class
Polyommatus#genus	Lepidoptera#order	order
Prairie_dog#genus	Rodent#order	order
Prionailurus#genus	Carnivora#order	order
Procapra#genus	Bovid#family	family
Pseudois#genus	Bovid#family	family
Puffin#genus	Charadriiformes#order	order
Puffinus#genus	Bird#class	class
Puma_genus#genus	Carnivora#order	order
Pusa#genus	Carnivora#order	order
Pycnopodia#genus	Animal#kingdom	kingdom
Pygocentrus#genus	Actinopterygii#class	class
Pygoscelis#genus	Bird#class	class
Pyronia#genus	Lepidoptera#order	order
Pyrrhula#genus	Passerine#order	order
Python_genus#genus	Snake#suborder	suborder
Quelea#genus	Passerine#order	order
Quoll#genus	Mammal#class	class
Rallus#genus	Bird#class	class
Rana_genus#genus	Amphibian#class	class
Rat#genus	Rodent#order	order
Red-backed_vole#genus	Rodent#order	order
Rhinoceros_genus#genus	Mammal#class	class
Rhinodermatidae#genus	Amphibian#class	class
Rhinolophus#genus	Bat#order	order
Rhynchocyon#genus	Mammal#class	class
Rhynochetos#genus	Bird#class	class
Ridley_sea_turtle#genus	Reptile#class	class
Right_whale#genus	Cetacea#order	order
Riparia#genus	Passerine#order	order
Rock-wallaby#genus	Mammal#class	class
Ruffed_lemur#genus	Primate#order	order
Sailfish#genus	Actinopterygii#class	class
Salmo#genus	Actinopterygii#class	class
Sarcophilus#genus	Mammal#class	class
Saxicola#genus	Passerine#order	order
Scathophaga#genus	Insect#class	class
Schistocerca#genus	Insect#class	class
Sciurus#genus	Rodent#order	order
Sea_eagle#genus	Accipitridae#family	family
Seahorse#genus	Actinopterygii#class	class
Sepia_genus#genus	Mollusca#phylum	phylum
Sifaka#genus	Primate#order	order
Skua#genus	Charadriiformes#order	order
Snub-nosed_monkey#genus	Primate#order	order
Sorex#genus	Mammal#class	class
Spermophilus#genus	Rodent#order	order
Stenella#genus	Cetacea#order	order
Sterna#genus	Charadriiformes#order	order
Streptopelia#genus	Bird#class	class
Strix_genus#genus	Bird#class	class
Strongylocentrotus#genus	Animal#kingdom	kingdom
Sturnus#genus	Passerine#order	order
Swan#genus	Bird#class	class
Syconycteris#genus	Bat#order	order
Symphalangus#genus	Primate#order	order
Taeniopygia#genus	Passerine#order	order
Taipan#genus	Snake#suborder	suborder
Talpa_genus#genus	Mammal#class	class
Tamarin#genus	Primate#order	order
Taxus#genus	Plant#kingdom	kingdom
Tetrao#genus	Bird#class	class
Theraphosa#genus	Arthropod#phylum	phylum
Theristicus#genus	Bird#class	class
Thermophis#genus	Snake#suborder	suborder
Three-toed_sloth#genus	Mammal#class	class
Tolypeutes#genus	Mammal#class	class
Trachelophorus#genus	Insect#class	class
Tragopan#genus	Bird#class	class
Tree-kangaroo#genus	Mammal#class	class
Triturus#genus	Amphibian#class	class
Troglodytes_wren#genus	Passerine#order	order
True_lemur#genus	Primate#order	order
True_thrush#genus	Passerine#order	order
Turkey_bird#genus	Bird#class	class
Typical_warbler#genus	Passerine#order	order
Uakari#genus	Primate#order	order
Uria#genus	Charadriiformes#order	order
Ursus_genus#genus	Carnivora#order	order
Vanellus#genus	Charadriiformes#order	order
Vanessa_butterfly#genus	Lepidoptera#order	order
Vespula#genus	Hymenoptera#order	order
Vipera#genus	Snake#suborder	suborder
Vulpes#genus	Carnivora#order	order
Waxwing#genus	Passerine#order	order
Weasel#genus	Carnivora#order	order
Whites_butterfly#genus	Lepidoptera#order	order
Wildebeest#genus	Bovid#family	family
Woolly_monkey#genus	Primate#order	order
Zootoca#genus	Lizard#suborder	suborder
Ceratopsia#infraorder	Dinosaur#superorder	superorder
Dragonfly#infraorder	Insect#class	class
Lemur#infraorder	Primate#order	order
Ornithopod#infraorder	Dinosaur#superorder	superorder
Sauropoda#infraorder	Dinosaur#superorder	superorder
Stegosauria#infraorder	Dinosaur#superorder	superorder
Chromista#kingdom	Life#life	life
Fungus#kingdom	Fungus#kingdom	kingdom
Plant#kingdom	Plant#kingdom	kingdom
Aardvark#species	Mammal#class	class
Acacia#genus	Dicotyledon#class	class
Acanthophis#genus	Snake#suborder	suborder
Acer_pseudoplatanus#species	Dicotyledon#class	class
Adansonia#genus	Dicotyledon#class	class
Adelie_Penguin#species	Bird#class	class
Adenium#species	Dicotyledon#class	class
Adonis_Blue#species	Lepidoptera#order	order
Aesculus_hippocastanum#species	Dicotyledon#class	class
African_Buffalo#species	Bovid#family	family
African_Fish_Eagle#species	Accipitridae#family	family
African_Forest_Elephant#species	Mammal#class	class
African_Penguin#species	Bird#class	class
African_Wild_Dog#species	Carnivora#order	order
Agama_genus#genus	Lizard#suborder	suborder
Agile_Gibbon#species	Primate#order	order
Allosaurus#genus	Theropoda#suborder	suborder
Amaurobius_ferox#species	Arthropod#phylum	phylum
Amazon_river_dolphin#species	Cetacea#order	order
Ambulocetus#genus	Cetacea#order	order
Amegilla#genus	Hymenoptera#order	order
American_Bison#species	Bovid#family	family
American_Black_Bear#species	Carnivora#order	order
American_Black_Vulture#species	Bird#class	class
American_mastodon#species	Mammal#class	class
Ammonite#order	Mollusca#phylum	phylum
Andean_Condor#species	Bird#class	class
Andean_Hillstar#species	Bird#class	class
Andrewsarchus#genus	Mammal#class	class
Anglerfish#order	Actinopterygii#class	class
Anguis_fragilis#species	Lizard#suborder	suborder
Ankylosauria#infraorder	Dinosaur#superorder	superorder
Annelid#phylum	Animal#kingdom	kingdom
Antarctic_Fur_Seal#species	Carnivora#order	order
Antarctic_minke_whale#species	Cetacea#order	order
Antaresia_maculosa#species	Snake#suborder	suborder
Anthozoa#class	Animal#kingdom	kingdom
Apatosaurus#genus	Dinosaur#superorder	superorder
Aphididae#family	Insect#class	class
Apodiformes#order	Bird#class	class
Arachnocampa#genus	Insect#class	class
Arapaima#species	Actinopterygii#class	class
Archaeopteryx#genus	Bird#class	class
Arctic_Fox#species	Carnivora#order	order
Arctic_Ground_Squirrel#species	Rodent#order	order
Arctic_Skua#species	Charadriiformes#order	order
Arctic_Tern#species	Charadriiformes#order	order
Arctiidae#family	Lepidoptera#order	order
Argali#species	Bovid#family	family
Argentinosaurus#genus	Dinosaur#superorder	superorder
Armadillo#order	Mammal#class	class
Arrau#species	Reptile#class	class
Arthropod#phylum	Arthropod#phylum	phylum
Asian_Elephant#species	Mammal#class	class
Asian_Golden_Cat#species	Carnivora#order	order
Asparagales#order	Monocotyledon#class	class
Atlantic_Puffin#species	Charadriiformes#order	order
Atlantic_sailfish#species	Actinopterygii#class	class
Atlantic_salmon#species	Actinopterygii#class	class
Atlantic_spotted_dolphin#species	Cetacea#order	order
Atta_genus#genus	Hymenoptera#order	order
Aurelia_aurita#species	Animal#kingdom	kingdom
Aurochs#species	Bovid#family	family
Australian_Giant_Cuttlefish#species	Mollusca#phylum	phylum
Australopithecus#genus	Primate#order	order
Australovenator#genus	Theropoda#suborder	suborder
Austropotamobius_pallipes#species	Arthropod#phylum	phylum
Aye-aye#species	Primate#order	order
Bactrian_Camel#species	Even-toed_ungulate#order	order
Baikal_Seal#species	Carnivora#order	order
Bald_Uakari#species	Primate#order	order
Bamboo#tribe	Monocotyledon#class	class
Banded_Demoiselle#species	Insect#class	class
Banded_Mongoose#species	Carnivora#order	order
Barbary_macaque#species	Primate#order	order
Bar-headed_Goose#species	Bird#class	class
Barnacle_Goose#species	Bird#class	class
Barn_Swallow#species	Passerine#order	order
Basilosaurus#genus	Cetacea#order	order
Basking_shark#species	Chordate#phylum	phylum
Bat#order	Bat#order	order
Bearded_Vulture#species	Accipitridae#family	family
Bear_dog#family	Carnivora#order	order
Beetle#order	Insect#class	class
Beloniformes#order	Actinopterygii#class	class
Beluga_whale#species	Cetacea#order	order
Bharal#species	Bovid#family	family
Bighorn_Sheep#species	Bovid#family	family
Black-banded_sea_krait#species	Snake#suborder	suborder
Blackberry#species	Dicotyledon#class	class
Black-browed_Albatross#species	Bird#class	class
Blackbuck#species	Bovid#family	family
Blackcap#species	Passerine#order	order
Black_Crested_Gibbon#species	Primate#order	order
Black-flanked_Rock-wallaby#species	Mammal#class	class
Black_garden_ant#species	Hymenoptera#order	order
Black_Grouse#species	Bird#class	class
Black-legged_Kittiwake#species	Charadriiformes#order	order
Black_mamba#species	Snake#suborder	suborder
Black-necked_Grebe#species	Bird#class	class
Black_Rhinoceros#species	Mammal#class	class
Black_Snub-nosed_Monkey#species	Primate#order	order
Black-tailed_Prairie_Dog#species	Rodent#order	order
Black-throated_Loon#species	Bird#class	class
Blue_Bird_of_Paradise#species	Passerine#order	order
Blue_Tit#species	Passerine#order	order
Blue_Whale#species	Cetacea#order	order
Blue_Wildebeest#species	Bovid#family	family
Boa_constrictor#species	Snake#suborder	suborder
Bohemian_Waxwing#species	Passerine#order	order
Boiga_dendrophila#species	Snake#suborder	suborder
Bongo_antelope#species	Bovid#family	family
Bonobo#species	Primate#order	order
Bornean_Orangutan#species	Primate#order	order
Bothriechis_schlegelii#species	Snake#suborder	suborder
Bothrops_asper#species	Snake#suborder	suborder
Bottlenose_whale#species	Cetacea#order	order
Bowhead_whale#species	Cetacea#order	order
Brachiopod#phylum	Animal#kingdom	kingdom
Brant_Goose#species	Bird#class	class
Brantss_Whistling_Rat#species	Rodent#order	order
Broadleys_Flat_Lizard#species	Lizard#suborder	suborder
Brown_basilisk#species	Lizard#suborder	suborder
Brown_Bear#species	Carnivora#order	order
Brown_Fur_Seal#species	Carnivora#order	order
Brown_long-eared_bat#species	Bat#order	order
Brown-throated_Sloth#species	Mammal#class	class
Brown_trout#species	Actinopterygii#class	class
Brown_Woolly_Monkey#species	Primate#order	order
Brush-tailed_Rock-wallaby#species	Mammal#class	class
Brycon#genus	Actinopterygii#class	class
Burrowing_Owl#species	Bird#class	class
Burrowing_Parakeet#species	Bird#class	class
Burying_beetle#genus	Insect#class	class
Bythograeidae#family	Arthropod#phylum	phylum
Caecilian#order	Amphibian#class	class
California_Mouse#species	Rodent#order	order
Canalipalpata#order	Animal#kingdom	kingdom
Cape_Dwarf_Chameleon#species	Lizard#suborder	suborder
Cape_Gannet#species	Bird#class	class
Carcharhiniformes#order	Chordate#phylum	phylum
Carcharodontosaurus#genus	Theropoda#suborder	suborder
Carnivora#order	Carnivora#order	order
Carrion_Crow#species	Passerine#order	order
Catfish#order	Actinopterygii#class	class
Cerapoda#suborder	Dinosaur#superorder	superorder
Cetacea#order	Cetacea#order	order
Cetartiodactyla#superorder	Mammal#class	class
Chaffinch#species	Passerine#order	order
Charadriiformes#order	Charadriiformes#order	order
Cheetah#species	Carnivora#order	order
Chiffchaff#species	Passerine#order	order
Chinese_Alligator#species	Reptile#class	class
Chinese_giant_salamander#species	Amphibian#class	class
Chinstrap_Penguin#species	Bird#class	class
Cichlid#family	Actinopterygii#class	class
Ciconiiformes#order	Bird#class	class
Clarks_Grebe#species	Bird#class	class
Clouded_Leopard#species	Carnivora#order	order
Clupeidae#family	Actinopterygii#class	class
Clupeiformes#order	Actinopterygii#class	class
Cnidaria#phylum	Animal#kingdom	kingdom
Coal_Tit#species	Passerine#order	order
Coccinella_septempunctata#species	Insect#class	class
Coccolithophore#order	Life#life	life
Cockroach#order	Insect#class	class
Coelophysis#genus	Theropoda#suborder	suborder
Columbian_Mammoth#species	Mammal#class	class
Common_Blackbird#species	Passerine#order	order
Common_Blossom_Bat#species	Bat#order	order
Common_Bluebell#species	Monocotyledon#class	class
Common_Bottlenose_Dolphin#species	Cetacea#order	order
Common_Buzzard#species	Accipitridae#family	family
Common_Chimpanzee#species	Primate#order	order
Common_Crossbill#species	Passerine#order	order
Common_Cuttlefish#species	Mollusca#phylum	phylum
Common_Goldeneye#species	Bird#class	class
Common_Kingfisher#species	Bird#class	class
Common_Murre#species	Charadriiformes#order	order
Common_Noctule#species	Bat#order	order
Common_Raven#species	Passerine#order	order
Common_Redstart#species	Passerine#order	order
Common_Shrew#species	Mammal#class	class
Common_Swift#species	Bird#class	class
Common_Vampire_Bat#species	Bat#order	order
Conus#genus	Mollusca#phylum	phylum
Coraciiformes#order	Bird#class	class
Cordyceps#genus	Fungus#kingdom	kingdom
Coronella_austriaca#species	Snake#suborder	suborder
Coyote#species	Carnivora#order	order
Crabeater_Seal#species	Carnivora#order	order
Crab_spider#family	Arthropod#phylum	phylum
Crataegus_monogyna#species	Dicotyledon#class	class
Crested_Tit#species	Passerine#order	order
Crest-tailed_Mulgara#species	Mammal#class	class
Crocodilia#order	Reptile#class	class
Crotalus#genus	Snake#suborder	suborder
Crowned_Eagle#species	Accipitridae#family	family
Crowned_Lemur#species	Primate#order	order
Crown-of-thorns_starfish#species	Animal#kingdom	kingdom
Cynodont#suborder	Chordate#phylum	phylum
Dall_Sheep#species	Bovid#family	family
Damaraland_Mole_Rat#species	Rodent#order	order
Dark_Green_Fritillary#species	Lepidoptera#order	order
Dartford_Warbler#species	Passerine#order	order
Darwins_Frog#species	Amphibian#class	class
Daspletosaurus#genus	Theropoda#suborder	suborder
Daubentons_Bat#species	Bat#order	order
Decapoda#order	Arthropod#phylum	phylum
Demoiselle_Crane#species	Bird#class	class
Desert_locust#species	Insect#class	class
Dinosaur#superorder	Dinosaur#superorder	superorder
Diplodocus#genus	Dinosaur#superorder	superorder
Diprotodontia#order	Mammal#class	class
Dire_Wolf#species	Carnivora#order	order
Dolomedes#genus	Arthropod#phylum	phylum
Dorias_Tree-kangaroo#species	Mammal#class	class
Dracaena_cinnabari#species	Monocotyledon#class	class
Dromedary#species	Even-toed_ungulate#order	order
Drongo#family	Passerine#order	order
Drosera#genus	Dicotyledon#class	class
Dugong#species	Mammal#class	class
Dung_beetle#superfamily	Insect#class	class
Dunnock#species	Passerine#order	order
Eastern_Gorilla#species	Primate#order	order
Eastern_gray_squirrel#species	Rodent#order	order
Eastern_Grey_Kangaroo#species	Mammal#class	class
Echinoderm#phylum	Animal#kingdom	kingdom
Echis_carinatus#species	Snake#suborder	suborder
Eciton_burchellii#species	Hymenoptera#order	order
Edible_dormouse#species	Rodent#order	order
Eeltail_catfish#family	Actinopterygii#class	class
Elephant_bird#family	Bird#class	class
Elk#species	Even-toed_ungulate#order	order
Emperor_Penguin#species	Bird#class	class
Entelodont#family	Even-toed_ungulate#order	order
Epidexipteryx#genus	Theropoda#suborder	suborder
Eriophorum#genus	Monocotyledon#class	class
Ethiopian_Wolf#species	Carnivora#order	order
Eucalyptus#genus	Dicotyledon#class	class
Euophrys_omnisuperstes#species	Arthropod#phylum	phylum
Eurasian_Bittern#species	Bird#class	class
Eurasian_Bullfinch#species	Passerine#order	order
Eurasian_Collared_Dove#species	Bird#class	class
Eurasian_Eagle-owl#species	Bird#class	class
Eurasian_harvest_mouse#species	Rodent#order	order
Eurasian_Hobby#species	Bird#class	class
Eurasian_Jay#species	Passerine#order	order
Eurasian_Lynx#species	Carnivora#order	order
Eurasian_Oystercatcher#species	Charadriiformes#order	order
Eurasian_Siskin#species	Passerine#order	order
Eurasian_Sparrowhawk#species	Accipitridae#family	family
Eurasian_Stone-curlew#species	Charadriiformes#order	order
Eurasian_Treecreeper#species	Passerine#order	order
European_Badger#species	Life#life	life
European_Beech#species	Dicotyledon#class	class
European_brook_lamprey#species	Chordate#phylum	phylum
European_garden_spider#species	Arthropod#phylum	phylum
European_Goldfinch#species	Passerine#order	order
European_Greenfinch#species	Passerine#order	order
European_Hare#species	Mammal#class	class
European_Hedgehog#species	Mammal#class	class
European_honey_bee#species	Hymenoptera#order	order
European_hornet#species	Hymenoptera#order	order
European_Magpie#species	Passerine#order	order
European_Mole#species	Mammal#class	class
European_Nightjar#species	Bird#class	class
European_Otter#species	Carnivora#order	order
European_Pied_Flycatcher#species	Passerine#order	order
European_Pine_Marten#species	Carnivora#order	order
European_Rabbit#species	Mammal#class	class
European_Robin#species	Passerine#order	order
European_Starling#species	Passerine#order	order
European_Stonechat#species	Passerine#order	order
European_Storm-petrel#species	Bird#class	class
European_Water_Vole#species	Rodent#order	order
Eurypterid#order	Arthropod#phylum	phylum
Even-toed_ungulate#order	Even-toed_ungulate#order	order
Falconiformes#order	Bird#class	class
Fieldfare#species	Passerine#order	order
Field_Vole#species	Rodent#order	order
Flowering_plant#phylum	Plant#kingdom	kingdom
Fly#order	Insect#class	class
Flying_fish#family	Actinopterygii#class	class
Fork-marked_lemur#genus	Primate#order	order
Formica_aquilonia#species	Hymenoptera#order	order
Formica_lugubris#species	Hymenoptera#order	order
Fossa_animal#species	Carnivora#order	order
Francois_Langur#species	Primate#order	order
Frill-necked_Lizard#species	Lizard#suborder	suborder
Fritillaria_meleagris#species	Monocotyledon#class	class
Frog#order	Amphibian#class	class
Frogfish#family	Actinopterygii#class	class
Furcifer_labordi#species	Lizard#suborder	suborder
Galanthus_nivalis#species	Monocotyledon#class	class
Gal_pagos_Fur_Seal#species	Carnivora#order	order
Gal_pagos_Land_Iguana#species	Lizard#suborder	suborder
Gal_pagos_Petrel#species	Bird#class	class
Gal_pagos_tortoise#species	Reptile#class	class
Galliformes#order	Bird#class	class
Garden_Warbler#species	Passerine#order	order
Gastornis#genus	Bird#class	class
Gatekeeper_Butterfly#species	Lepidoptera#order	order
Gees_Golden_Langur#species	Primate#order	order
Gelada#species	Primate#order	order
Gentoo_Penguin#species	Bird#class	class
Gharial#species	Reptile#class	class
Giant_Anteater#species	Mammal#class	class
Giant_Panda#species	Carnivora#order	order
Giant_tube_worm#species	Animal#kingdom	kingdom
Giant_weta#genus	Insect#class	class
Gigantoraptor#genus	Theropoda#suborder	suborder
Giraffe#species	Even-toed_ungulate#order	order
Giraffe_weevil#species	Insect#class	class
Glyptodontidae#family	Mammal#class	class
Goby#family	Actinopterygii#class	class
Goldcrest#species	Passerine#order	order
Golden_Snub-nosed_Monkey#species	Primate#order	order
Goliath_birdeater#species	Arthropod#phylum	phylum
Gonepteryx_rhamni#species	Lepidoptera#order	order
Goose_barnacle#order	Arthropod#phylum	phylum
Gopherus_polyphemus#species	Reptile#class	class
Grandidiers_Mongoose#species	Carnivora#order	order
Grants_gazelle#species	Bovid#family	family
Gray_langur#genus	Primate#order	order
Gray_Mouse_Lemur#species	Primate#order	order
Gray_Seal#species	Carnivora#order	order
Gray_Whale#species	Cetacea#order	order
Gray_Wolf#species	Carnivora#order	order
Great_Black-backed_Gull#species	Charadriiformes#order	order
Great_Bustard#species	Bird#class	class
Great_Crested_Grebe#species	Bird#class	class
Great_Crested_Newt#species	Amphibian#class	class
Great_diving_beetle#species	Insect#class	class
Greater_Bulldog_Bat#species	Bat#order	order
Greater_Flamingo#species	Bird#class	class
Great_Grey_Owl#species	Bird#class	class
Great_Spotted_Woodpecker#species	Bird#class	class
Great_Tit#species	Passerine#order	order
Great_white_shark#species	Chordate#phylum	phylum
Green_sea_turtle#species	Reptile#class	class
Green_Woodpecker#species	Bird#class	class
Grey-faced_Sengi#species	Mammal#class	class
Grey_Heron#species	Bird#class	class
Grey_Wagtail#species	Passerine#order	order
Grimpoteuthis#genus	Mollusca#phylum	phylum
Ground_beetle#family	Insect#class	class
Gruiformes#order	Bird#class	class
Guanaco#species	Even-toed_ungulate#order	order
Gunnisons_Prairie_Dog#species	Rodent#order	order
Haasts_Eagle#species	Accipitridae#family	family
Hadrosaurid#family	Dinosaur#superorder	superorder
Hamadryas_Baboon#species	Primate#order	order
Hammerhead_shark#genus	Chordate#phylum	phylum
Harbor_Seal#species	Carnivora#order	order
Harbour_porpoise#species	Cetacea#order	order
Harmonia_axyridis#species	Insect#class	class
Harpy_Eagle#species	Accipitridae#family	family
Hatzegopteryx#genus	Reptile#class	class
Hazel_Dormouse#species	Rodent#order	order
Helix_aspersa#species	Mollusca#phylum	phylum
Hemiptera#order	Insect#class	class
Hermit_crab#superfamily	Arthropod#phylum	phylum
Herring_Gull#species	Charadriiformes#order	order
High_Brown_Fritillary#species	Lepidoptera#order	order
Himalayan_marmot#species	Rodent#order	order
Hippopotamus#species	Even-toed_ungulate#order	order
Homo_erectus#species	Primate#order	order
Honey_Buzzard#species	Accipitridae#family	family
Hooded_Crow#species	Passerine#order	order
House_Sparrow#species	Passerine#order	order
Human#species	Primate#order	order
Humboldt_Penguin#species	Bird#class	class
Humboldt_Squid#species	Mollusca#phylum	phylum
Humpback_whale#species	Cetacea#order	order
Huntsman_spider#family	Arthropod#phylum	phylum
Hymenoptera#order	Hymenoptera#order	order
Ichthyosaur#order	Reptile#class	class
Iguanodon#genus	Dinosaur#superorder	superorder
Inachis_io#species	Lepidoptera#order	order
Indian_Peafowl#species	Bird#class	class
Indian_Rhinoceros#species	Mammal#class	class
Indo-Pacific_bottlenose_dolphin#species	Cetacea#order	order
Indri#species	Primate#order	order
Inland_Taipan#species	Snake#suborder	suborder
Irish_Elk#species	Even-toed_ungulate#order	order
Jackdaw#species	Passerine#order	order
Jaguar#species	Carnivora#order	order
Japanese_giant_salamander#species	Amphibian#class	class
Japanese_Macaque#species	Primate#order	order
Kagu#species	Bird#class	class
Kakapo#species	Bird#class	class
Kea#species	Bird#class	class
Killer_whale#species	Cetacea#order	order
King_Bird_of_Paradise#species	Passerine#order	order
King_Cobra#species	Snake#suborder	suborder
King_Penguin#species	Bird#class	class
Kipunji#species	Primate#order	order
Koala#species	Mammal#class	class
Komodo_dragon#species	Lizard#suborder	suborder
Koolasuchus#genus	Amphibian#class	class
Lac_Alaotra_Bamboo_Lemur#species	Primate#order	order
Lagomorpha#order	Mammal#class	class
Lamniformes#order	Chordate#phylum	phylum
Lampyris_noctiluca#species	Insect#class	class
Large_Blue_butterfly#species	Lepidoptera#order	order
Large_White#species	Lepidoptera#order	order
Lar_Gibbon#species	Primate#order	order
Laticauda_colubrina#species	Snake#suborder	suborder
Latimeria#genus	Chordate#phylum	phylum
Lawess_Parotia#species	Passerine#order	order
Leaellynasaura#genus	Dinosaur#superorder	superorder
Leafy_sea_dragon#species	Actinopterygii#class	class
Least_Weasel#species	Carnivora#order	order
Lemming#tribe	Rodent#order	order
Lemon_shark#species	Chordate#phylum	phylum
Leopard_Cat#species	Carnivora#order	order
Leopard#species	Carnivora#order	order
Leopard_Seal#species	Carnivora#order	order
Lepidoptera#order	Lepidoptera#order	order
Leptictidium#genus	Mammal#class	class
Leptodactylus_fallax#species	Amphibian#class	class
Lesser_Black-backed_Gull#species	Charadriiformes#order	order
Lesser_Flamingo#species	Bird#class	class
Lesser_horseshoe_bat#species	Bat#order	order
Linnet#species	Passerine#order	order
Linyphiidae#family	Arthropod#phylum	phylum
Lion#species	Carnivora#order	order
Liphistius#genus	Arthropod#phylum	phylum
Litoria#genus	Amphibian#class	class
Little_Bent-wing_Bat#species	Bat#order	order
Little_Corella#species	Bird#class	class
Little_Owl#species	Bird#class	class
Lizard#suborder	Lizard#suborder	suborder
Lloydia_serotina#species	Monocotyledon#class	class
Long-eared_Hedgehog#species	Mammal#class	class
Long-eared_Owl#species	Bird#class	class
Long-snouted_seahorse#species	Actinopterygii#class	class
Long-tailed_Tit#species	Passerine#order	order
Loranthaceae#family	Dicotyledon#class	class
Lumbricidae#family	Animal#kingdom	kingdom
Macaroni_Penguin#species	Bird#class	class
Macrauchenia#genus	Mammal#class	class
Macrocystis#genus	Life#life	life
Macroglossum_stellatarum#species	Lepidoptera#order	order
Madame_Berthes_Mouse_Lemur#species	Primate#order	order
Magellanic_Penguin#species	Bird#class	class
Magellanic_Woodpecker#species	Bird#class	class
Magicicada#genus	Insect#class	class
Magnificent_Bird_of_Paradise#species	Passerine#order	order
Magnificent_Frigatebird#species	Bird#class	class
Majidae#family	Arthropod#phylum	phylum
Majungasaurus#genus	Theropoda#suborder	suborder
Malleefowl#species	Bird#class	class
Mallomys#genus	Rodent#order	order
Mandarin_Duck#species	Bird#class	class
Maned_Wolf#species	Carnivora#order	order
Manta_ray#species	Chordate#phylum	phylum
Mantis#order	Insect#class	class
Manx_Shearwater#species	Bird#class	class
Mapusaurus#genus	Theropoda#suborder	suborder
Marbled_White#species	Lepidoptera#order	order
Marine_Iguana#species	Lizard#suborder	suborder
Markhor#species	Bovid#family	family
Marsh_Fritillary#species	Lepidoptera#order	order
Marvellous_Spatuletail#species	Bird#class	class
Mason_bee#genus	Hymenoptera#order	order
Matschies_Tree-kangaroo#species	Mammal#class	class
Mayfly#order	Insect#class	class
Mediterranean_monk_seal#species	Carnivora#order	order
Meerkat#species	Carnivora#order	order
Megatheriidae#family	Mammal#class	class
Mexican_Free-tailed_Bat#species	Bat#order	order
Microraptor#genus	Theropoda#suborder	suborder
Millipede#class	Arthropod#phylum	phylum
Moa#family	Bird#class	class
Mollusca#phylum	Mollusca#phylum	phylum
Monarch_butterfly#species	Lepidoptera#order	order
Mongolian_gazelle#species	Bovid#family	family
Monocled_Cobra#species	Snake#suborder	suborder
Morelia_amethistina#species	Snake#suborder	suborder
Mosquito#family	Insect#class	class
Mountain_Hare#species	Mammal#class	class
Muskox#species	Bovid#family	family
Muttaburrasaurus#genus	Dinosaur#superorder	superorder
Naked_mole_rat#species	Rodent#order	order
Narcissus_pseudonarcissus#species	Monocotyledon#class	class
Narwhal#species	Cetacea#order	order
Nautilida#order	Mollusca#phylum	phylum
Neanderthal#species	Primate#order	order
Nepenthales#order	Dicotyledon#class	class
Nepenthes#genus	Dicotyledon#class	class
Nephrurus#genus	Lizard#suborder	suborder
Neuroptera#order	Insect#class	class
Nightingale#species	Passerine#order	order
Nile_crocodile#species	Reptile#class	class
North_American_Beaver#species	Rodent#order	order
Northern_Fulmar#species	Bird#class	class
Northern_Gannet#species	Bird#class	class
Northern_Goshawk#species	Accipitridae#family	family
North_Island_Brown_Kiwi#species	Bird#class	class
North_Pacific_Giant_Octopus#species	Mollusca#phylum	phylum
Nothronychus#genus	Theropoda#suborder	suborder
Nubian_Ibex#species	Bovid#family	family
Octopus#order	Mollusca#phylum	phylum
Odd-toed_ungulate#order	Mammal#class	class
Odonata#order	Insect#class	class
Olive_Baboon#species	Primate#order	order
Olive_Ridley#species	Reptile#class	class
Onager#species	Mammal#class	class
Ophrys#genus	Monocotyledon#class	class
Ophthalmosaurus#genus	Reptile#class	class
Oreophrynella_nigra#species	Amphibian#class	class
Ornithischia#order	Dinosaur#superorder	superorder
Orthoptera#order	Insect#class	class
Osteichthyes#superclass	Chordate#phylum	phylum
Ostrich#species	Bird#class	class
Owl#order	Bird#class	class
Palmate_Newt#species	Amphibian#class	class
Panamanian_golden_frog#species	Amphibian#class	class
Pangolin#genus	Mammal#class	class
Pantropical_Spotted_Dolphin#species	Cetacea#order	order
Papaver_radicatum#species	Dicotyledon#class	class
Paraceratherium#genus	Mammal#class	class
Pardosa_nigriceps#species	Arthropod#phylum	phylum
Parrot#order	Bird#class	class
Passalidae#family	Insect#class	class
Passerine#order	Passerine#order	order
Passiflora#genus	Dicotyledon#class	class
Patagonian_Mara#species	Rodent#order	order
Patas_monkey#species	Primate#order	order
Peales_Dolphin#species	Cetacea#order	order
Pectinidae#family	Mollusca#phylum	phylum
Pelecaniformes#order	Bird#class	class
Pelican#family	Bird#class	class
Perciformes#order	Actinopterygii#class	class
P_re_Davids_Deer#species	Even-toed_ungulate#order	order
Peregrine_Falcon#species	Bird#class	class
Perentie#species	Lizard#suborder	suborder
Peruvian_anchoveta#species	Actinopterygii#class	class
Phalanger#genus	Mammal#class	class
Phallus_indusiatus#species	Fungus#kingdom	kingdom
Phasmatodea#order	Insect#class	class
Phayres_Leaf_Monkey#species	Primate#order	order
Phorusrhacidae#family	Bird#class	class
Phyllopteryx#species	Actinopterygii#class	class
Picathartes#genus	Passerine#order	order
Pied_Avocet#species	Charadriiformes#order	order
Pied_Kingfisher#species	Bird#class	class
Pied_tamarin#species	Primate#order	order
Pilobolus_crystallinus#species	Fungus#kingdom	kingdom
Pilosa#order	Mammal#class	class
Pinales#order	Plant#kingdom	kingdom
Pinniped#superfamily	Carnivora#order	order
Pinophyta#phylum	Plant#kingdom	kingdom
Pinus_longaeva#species	Plant#kingdom	kingdom
Placerias#genus	Chordate#phylum	phylum
Plateau_Pika#species	Mammal#class	class
Platypus#species	Mammal#class	class
Plesiosauria#order	Reptile#class	class
Plesiosaur#suborder	Reptile#class	class
Pliosaur#suborder	Reptile#class	class
Poales#order	Monocotyledon#class	class
Poison_dart_frog#family	Amphibian#class	class
Polar_bear#species	Carnivora#order	order
Pompeii_worm#species	Animal#kingdom	kingdom
Postosuchus#genus	Reptile#class	class
Primate#order	Primate#order	order
Procellariiformes#order	Bird#class	class
Pronghorn#species	Even-toed_ungulate#order	order
Propalaeotherium#genus	Mammal#class	class
Protoceratops#genus	Dinosaur#superorder	superorder
Pteropus#genus	Bat#order	order
Pterosaur#order	Reptile#class	class
Purple_Emperor#species	Lepidoptera#order	order
Pygmy_parrot#genus	Bird#class	class
Pygmy_Three-toed_Sloth#species	Mammal#class	class
Python_sebae#species	Snake#suborder	suborder
Quercus_robur#species	Dicotyledon#class	class
Radiated_tortoise#species	Reptile#class	class
Raggiana_Bird_of_Paradise#species	Passerine#order	order
Rajiformes#order	Chordate#phylum	phylum
Ramsons#species	Monocotyledon#class	class
Ratite#order	Bird#class	class
Red-bellied_piranha#species	Actinopterygii#class	class
Red-billed_Chough#species	Passerine#order	order
Red-billed_Quelea#species	Passerine#order	order
Red-billed_Tropicbird#species	Bird#class	class
Red_Deer#species	Even-toed_ungulate#order	order
Red_Fox#species	Carnivora#order	order
Red_Kangaroo#species	Mammal#class	class
Red_Kite#species	Accipitridae#family	family
Red_Knot#species	Charadriiformes#order	order
Red-legged_Partridge#species	Bird#class	class
Red_Panda#species	Carnivora#order	order
Red_Ruffed_Lemur#species	Primate#order	order
Red_Squirrel#species	Rodent#order	order
Reed_Bunting#species	Passerine#order	order
Reevess_Muntjac#species	Even-toed_ungulate#order	order
Reindeer#species	Even-toed_ungulate#order	order
Rhizophora#genus	Dicotyledon#class	class
Rhododendron#genus	Dicotyledon#class	class
Ringed_seal#species	Carnivora#order	order
Ring-tailed_Lemur#species	Primate#order	order
Rock_Pigeon#species	Bird#class	class
Rock_Ptarmigan#species	Bird#class	class
Rodent#order	Rodent#order	order
Roe_Deer#species	Even-toed_ungulate#order	order
Rook_bird#species	Passerine#order	order
Rose-ringed_Parakeet#species	Bird#class	class
Rufous_Elephant_Shrew#species	Mammal#class	class
R_ppells_Vulture#species	Accipitridae#family	family
Saguaro#species	Dicotyledon#class	class
Saharan_silver_ant#species	Hymenoptera#order	order
Saiga_Antelope#species	Bovid#family	family
Salamander#order	Amphibian#class	class
Sand_goanna#species	Lizard#suborder	suborder
Sand_Lizard#species	Lizard#suborder	suborder
Sand_Martin#species	Passerine#order	order
Sapindales#order	Dicotyledon#class	class
Saurischia#order	Dinosaur#superorder	superorder
Sauropodomorpha#suborder	Dinosaur#superorder	superorder
Scarabaeidae#family	Insect#class	class
Scathophaga_stercoraria#species	Insect#class	class
Scorpion#order	Arthropod#phylum	phylum
Sea_otter#species	Carnivora#order	order
Sequoiadendron#genus	Plant#kingdom	kingdom
Serotine_bat#species	Bat#order	order
Serval#species	Carnivora#order	order
Shark#superorder	Chordate#phylum	phylum
Short-beaked_Common_Dolphin#species	Cetacea#order	order
Short-eared_Owl#species	Bird#class	class
Short-tailed_Shearwater#species	Bird#class	class
Siamang#species	Primate#order	order
Siamese_Crocodile#species	Reptile#class	class
Silky_Sifaka#species	Primate#order	order
Sinornithosaurus#genus	Theropoda#suborder	suborder
Sirenia#order	Mammal#class	class
Skimmer#genus	Charadriiformes#order	order
Slow_loris#genus	Primate#order	order
Smilodon#genus	Carnivora#order	order
Snake#suborder	Snake#suborder	suborder
Snares_Penguin#species	Bird#class	class
Snow_Leopard#species	Carnivora#order	order
Snow_Petrel#species	Bird#class	class
Sockeye_salmon#species	Actinopterygii#class	class
Socotra_Cormorant#species	Bird#class	class
Solifugae#order	Arthropod#phylum	phylum
Song_Thrush#species	Passerine#order	order
Soricomorpha#order	Mammal#class	class
South_American_Coati#species	Carnivora#order	order
South_American_Gray_Fox#species	Carnivora#order	order
South_American_Sea_Lion#species	Carnivora#order	order
Southern_Carmine_Bee-eater#species	Bird#class	class
Southern_Elephant_Seal#species	Carnivora#order	order
Southern_right_whale#species	Cetacea#order	order
Southern_Three-banded_Armadillo#species	Mammal#class	class
South_Polar_Skua#species	Charadriiformes#order	order
Spectacled_Bear#species	Carnivora#order	order
Spectacled_Eider#species	Bird#class	class
Sperm_whale#species	Cetacea#order	order
Spider#order	Arthropod#phylum	phylum
Spider_wasp#family	Hymenoptera#order	order
Spinosaurus#genus	Theropoda#suborder	suborder
Spixs_Macaw#species	Bird#class	class
Spotted_Flycatcher#species	Passerine#order	order
Spotted_Hyena#species	Carnivora#order	order
Springbok_antelope#species	Bovid#family	family
Squamata#order	Reptile#class	class
Squid#order	Mollusca#phylum	phylum
Stag_beetle#family	Insect#class	class
Stegosaurus#genus	Dinosaur#superorder	superorder
Steller_Sea_Lion#species	Carnivora#order	order
Stingray#family	Chordate#phylum	phylum
St_Johns_wort#species	Dicotyledon#class	class
Stoat#species	Carnivora#order	order
Stock_Pigeon#species	Bird#class	class
Straw-coloured_Fruit_Bat#species	Bat#order	order
Striped_Skunk#species	Carnivora#order	order
Strongylocentrotus_purpuratus#species	Animal#kingdom	kingdom
Sumatran_Orangutan#species	Primate#order	order
Sunda_Flying_Lemur#species	Mammal#class	class
Sunflower_starfish#species	Animal#kingdom	kingdom
Superb_Bird_of_Paradise#species	Passerine#order	order
Superb_Lyrebird#species	Passerine#order	order
Suriname_Toad#species	Amphibian#class	class
Tambaqui#species	Actinopterygii#class	class
Taraxacum#genus	Dicotyledon#class	class
Tarbosaurus#genus	Theropoda#suborder	suborder
Tarsier#genus	Primate#order	order
Tasmanian_Devil#species	Mammal#class	class
Tawny_Owl#species	Bird#class	class
Taxus_baccata#species	Plant#kingdom	kingdom
Temmincks_Tragopan#species	Bird#class	class
Tenrecidae#family	Mammal#class	class
Termite#order	Insect#class	class
Terrapene_carolina#species	Reptile#class	class
Tettigoniidae#family	Insect#class	class
Texas_blind_salamander#species	Amphibian#class	class
Therapsida#order	Chordate#phylum	phylum
Therizinosaurus#genus	Theropoda#suborder	suborder
Thermophis_baileyi#species	Snake#suborder	suborder
Theropoda#suborder	Theropoda#suborder	suborder
Thick-billed_Murre#species	Charadriiformes#order	order
Thomsons_Gazelle#species	Bovid#family	family
Thorny_Devil#species	Lizard#suborder	suborder
Three-spined_stickleback#species	Actinopterygii#class	class
Thyreophora#suborder	Dinosaur#superorder	superorder
Tibetan_Sand_Fox#species	Carnivora#order	order
Tiger_Quoll#species	Mammal#class	class
Tiger_shark#species	Chordate#phylum	phylum
Tiliqua_rugosa#species	Lizard#suborder	suborder
Tisza_Mayfly#species	Insect#class	class
Titan_arum#species	Monocotyledon#class	class
Topi#species	Bovid#family	family
Toque_macaque#species	Primate#order	order
Triceratops#genus	Dinosaur#superorder	superorder
Trilobite#class	Arthropod#phylum	phylum
Tufted_Capuchin#species	Primate#order	order
Tulip#genus	Monocotyledon#class	class
Tundra_Swan#species	Bird#class	class
Turtle#order	Reptile#class	class
Turtle_Dove#species	Bird#class	class
Tyrannosaurus#genus	Theropoda#suborder	suborder
Ulmus_procera#species	Dicotyledon#class	class
Uroplatus#genus	Lizard#suborder	suborder
Urticales#order	Dicotyledon#class	class
Utahraptor#genus	Theropoda#suborder	suborder
Vandellia#genus	Actinopterygii#class	class
Velociraptor#genus	Theropoda#suborder	suborder
Venus_Flytrap#species	Dicotyledon#class	class
Verreauxs_Sifaka#species	Primate#order	order
Vespula_vulgaris#species	Hymenoptera#order	order
Violales#order	Dicotyledon#class	class
Viola_plant#genus	Dicotyledon#class	class
Viviparous_lizard#species	Lizard#suborder	suborder
Vogelkop_Bowerbird#species	Passerine#order	order
Walia_Ibex#species	Bovid#family	family
Walrus#species	Carnivora#order	order
Wandering_Albatross#species	Bird#class	class
Warthog#species	Even-toed_ungulate#order	order
Water_monitor#species	Lizard#suborder	suborder
Waved_Albatross#species	Bird#class	class
Weddell_Seal#species	Carnivora#order	order
Western_Capercaillie#species	Bird#class	class
Western_Gorilla#species	Primate#order	order
Western_Red_Colobus#species	Primate#order	order
Whale_shark#species	Chordate#phylum	phylum
Whinchat#species	Passerine#order	order
Whitebark_Pine#species	Plant#kingdom	kingdom
White-fronted_Bee-eater#species	Bird#class	class
White-nosed_Coati#species	Carnivora#order	order
White_Rhinoceros#species	Mammal#class	class
White-tailed_Eagle#species	Accipitridae#family	family
White-throated_Dipper#species	Passerine#order	order
White_Wagtail#species	Passerine#order	order
Whooper_Swan#species	Bird#class	class
Wild_boar#species	Even-toed_ungulate#order	order
Wildcat#species	Carnivora#order	order
Wild_horse#species	Mammal#class	class
Willow_Warbler#species	Passerine#order	order
Wire-tailed_Manakin#species	Passerine#order	order
Wolverine#species	Carnivora#order	order
Wood_mouse#species	Rodent#order	order
Wood_Warbler#species	Passerine#order	order
Woolly_mammoth#species	Mammal#class	class
Woolly_rhinoceros#species	Mammal#class	class
Yacare_Caiman#species	Reptile#class	class
Yellow-bellied_Glider#species	Mammal#class	class
Yellow_meadow_ant#species	Hymenoptera#order	order
Zebra_finch#species	Passerine#order	order
Zygaenidae#family	Lepidoptera#order	order
Aepyornithiformes#order	Bird#class	class
Afrosoricida#order	Mammal#class	class
Alismatales#order	Monocotyledon#class	class
Anseriformes#order	Bird#class	class
Asterales#order	Dicotyledon#class	class
Caprimulgiformes#order	Bird#class	class
Carpet_sharks#order	Chordate#phylum	phylum
Characiformes#order	Actinopterygii#class	class
Columbiformes#order	Bird#class	class
Cuttlefish#order	Mollusca#phylum	phylum
Dasyuromorphia#order	Mammal#class	class
Echinoida#order	Animal#kingdom	kingdom
Eurypygiformes#order	Bird#class	class
Fagales#order	Dicotyledon#class	class
Forcipulatida#order	Animal#kingdom	kingdom
Gasterosteiformes#order	Actinopterygii#class	class
Gentianales#order	Dicotyledon#class	class
Haplotaxida#order	Life#life	life
Lamprey#order	Chordate#phylum	phylum
Leptictida#order	Mammal#class	class
Liliales#order	Monocotyledon#class	class
Litopterna#order	Mammal#class	class
Macroscelidea#order	Mammal#class	class
Mesonychid#order	Mammal#class	class
Monotreme#order	Mammal#class	class
Neogastropoda#order	Mollusca#phylum	phylum
Osteoglossiformes#order	Actinopterygii#class	class
Ostreoida#order	Life#life	life
Pholidota#order	Mammal#class	class
Piciformes#order	Bird#class	class
Podicipediformes#order	Bird#class	class
Ranunculales#order	Dicotyledon#class	class
Rauisuchia#order	Reptile#class	class
Rosales#order	Dicotyledon#class	class
Salmoniformes#order	Actinopterygii#class	class
Santalales#order	Dicotyledon#class	class
Semaeostomeae#order	Animal#kingdom	kingdom
Stylommatophora#order	Mollusca#phylum	phylum
Syngnathiformes#order	Actinopterygii#class	class
Theales#order	Dicotyledon#class	class
Valvatida#order	Animal#kingdom	kingdom
Ascomycota#phylum	Fungus#kingdom	kingdom
Basidiomycota#phylum	Fungus#kingdom	kingdom
Haptophyte#phylum	Life#life	life
Zygomycota#phylum	Fungus#kingdom	kingdom
Ichthyopterygia#superorder	Reptile#class	class
Sauropterygia#superorder	Reptile#class	class
